,open,close,high,low,volume,date
0,8559.77,8556.02,8640.89,8419.34,44285.668,2019-10-10
1,8557.0,8255.58,8788.0,8210.0,69157.964,2019-10-11
2,8255.54,8300.22,8397.45,8248.34,37761.514,2019-10-12
3,8300.31,8274.66,8456.0,8137.3,43820.913,2019-10-13
4,8274.33,8346.05,8381.77,8205.02,61999.821,2019-10-14
5,8346.31,8160.01,8408.62,8080.0,86246.749,2019-10-15
6,8160.55,7992.21,8184.0,7900.24,70434.452,2019-10-16
7,7994.76,8069.2,8124.63,7930.0,58354.602,2019-10-17
8,8069.41,7943.94,8117.3,7812.0,75251.352,2019-10-18
9,7945.57,7947.13,8108.54,7852.12,78024.395,2019-10-19
10,7947.78,8218.23,8300.5,7871.17,78663.915,2019-10-20
11,8218.23,8201.74,8334.57,8150.0,59928.516,2019-10-21
12,8201.0,8020.89,8290.0,8000.0,69506.880,2019-10-22
13,8020.68,7465.0,8047.78,7172.76,108484.139,2019-10-23
14,7465.18,7411.35,7495.81,7337.44,66719.534,2019-10-24
15,7410.07,8650.0,8800.0,7359.0,165118.926,2019-10-25
16,8650.0,9232.22,10408.48,8626.89,248161.161,2019-10-26
17,9234.75,9533.32,9803.83,9066.07,163544.019,2019-10-27
18,9534.37,9217.36,9930.13,9156.03,155599.975,2019-10-28
19,9215.78,9415.02,9569.1,9070.0,124703.014,2019-10-29
20,9415.02,9165.3,9418.65,8975.72,98464.858,2019-10-30
21,9163.4,9150.0,9438.64,8933.0,98836.044,2019-10-31
22,9149.88,9231.01,9280.0,9050.27,87256.949,2019-11-01
23,9231.7,9287.8,9375.0,9194.98,56602.055,2019-11-02
24,9288.96,9197.88,9366.69,9073.0,75612.722,2019-11-03
25,9197.86,9395.46,9550.0,9126.01,90433.357,2019-11-04
26,9395.47,9313.2,9457.13,9164.33,113738.226,2019-11-05
27,9313.1,9343.6,9450.0,9259.48,73767.911,2019-11-06
28,9344.29,9219.64,9381.93,9091.2,77389.569,2019-11-07
29,9221.63,8775.03,9259.3,8669.85,151851.160,2019-11-08
30,8775.6,8811.15,8878.0,8727.0,66846.392,2019-11-09
31,8811.3,9041.31,9187.0,8760.0,91099.197,2019-11-10
32,9041.31,8728.93,9072.91,8611.11,113373.762,2019-11-11
33,8729.89,8817.0,8889.06,8552.12,107520.546,2019-11-12
34,8817.94,8774.76,8838.0,8712.0,58585.811,2019-11-13
35,8774.78,8642.25,8798.06,8581.39,87099.995,2019-11-14
36,8642.47,8473.27,8780.0,8380.0,145602.497,2019-11-15
37,8473.3,8491.06,8540.54,8435.0,48657.040,2019-11-16
38,8491.18,8504.04,8631.0,8355.78,72152.266,2019-11-17
39,8504.13,8183.26,8504.71,8050.0,123477.142,2019-11-18
40,8183.3,8131.7,8212.87,8000.0,110854.030,2019-11-19
41,8131.12,8094.05,8230.0,8037.5,87352.380,2019-11-20
42,8094.57,7621.9,8131.51,7432.0,180289.189,2019-11-21
43,7621.89,7262.72,7765.03,6762.73,371213.951,2019-11-22
44,7261.89,7305.99,7345.84,7073.38,139643.311,2019-11-23
45,7306.19,6900.86,7324.92,6855.91,183676.078,2019-11-24
46,6899.77,7102.03,7386.29,6510.19,333987.914,2019-11-25
47,7103.34,7150.0,7340.06,7011.9,193962.094,2019-11-26
48,7149.97,7506.77,7669.2,6850.0,297842.994,2019-11-27
49,7506.78,7415.79,7643.0,7356.0,175000.609,2019-11-28
50,7417.0,7736.66,7850.0,7394.57,185819.186,2019-11-29
51,7737.23,7542.93,7800.0,7444.18,141966.392,2019-11-30
52,7541.08,7387.38,7541.08,7222.29,196291.252,2019-12-01
53,7388.0,7291.0,7416.75,7137.74,143966.953,2019-12-02
54,7291.74,7290.86,7404.42,7231.35,84699.470,2019-12-03
55,7290.85,7191.0,7800.0,7070.0,274879.481,2019-12-04
56,7189.42,7384.99,7480.0,7142.54,176315.108,2019-12-05
57,7384.66,7522.1,7602.44,7295.73,136218.707,2019-12-06
58,7521.13,7487.2,7616.91,7467.44,83208.782,2019-12-07
59,7487.19,7508.2,7559.39,7376.0,84380.338,2019-12-08
60,7507.87,7337.49,7676.48,7269.05,136440.176,2019-12-09
61,7338.2,7220.98,7403.71,7152.0,126662.794,2019-12-10
62,7220.92,7205.77,7267.0,7117.74,97320.727,2019-12-11
63,7206.78,7194.77,7295.12,7080.0,140594.105,2019-12-12
64,7194.08,7252.98,7298.0,7190.0,80178.833,2019-12-13
65,7252.98,7061.34,7266.14,7007.86,97837.512,2019-12-14
66,7060.79,7115.0,7196.0,7004.77,87933.233,2019-12-15
67,7115.45,6887.54,7147.34,6831.0,117597.890,2019-12-16
68,6887.48,6618.96,6940.0,6550.0,166411.289,2019-12-17
69,6618.96,7277.44,7479.99,6427.0,328489.593,2019-12-18
70,7278.11,7146.29,7367.87,7042.82,158849.566,2019-12-19
71,7146.29,7184.39,7217.08,7078.17,86449.566,2019-12-20
72,7184.39,7131.01,7185.0,7108.0,44340.865,2019-12-21
73,7131.02,7502.92,7517.61,7122.0,129797.395,2019-12-22
74,7502.92,7314.01,7691.0,7262.0,215298.787,2019-12-23
75,7314.03,7252.04,7434.55,7156.08,149081.004,2019-12-24
76,7251.57,7201.45,7267.63,7123.19,96965.072,2019-12-25
77,7201.67,7197.46,7438.8,7151.0,133973.533,2019-12-26
78,7197.84,7248.4,7270.0,7078.89,112284.610,2019-12-27
79,7248.4,7311.48,7359.15,7235.0,91292.882,2019-12-28
80,7310.29,7383.67,7527.0,7283.6,102543.974,2019-12-29
81,7383.68,7240.43,7400.0,7215.58,94375.362,2019-12-30
82,7240.8,7189.0,7319.0,7141.0,89203.437,2019-12-31
83,7189.43,7197.57,7260.43,7170.15,56801.329,2020-01-01
84,7197.57,6962.04,7209.59,6922.0,115295.677,2020-01-02
85,6962.34,7341.72,7407.28,6863.44,208493.458,2020-01-03
86,7341.6,7350.71,7400.0,7269.21,92586.033,2020-01-04
87,7350.54,7354.36,7495.0,7303.0,117765.972,2020-01-05
88,7354.36,7757.39,7808.65,7345.0,168150.317,2020-01-06
89,7757.74,8152.49,8215.33,7733.0,280809.162,2020-01-07
90,8150.9,8059.84,8468.42,7870.11,321225.114,2020-01-08
91,8059.77,7818.59,8060.0,7750.01,187263.143,2020-01-09
92,7817.91,8207.09,8210.62,7670.0,253783.948,2020-01-10
93,8207.2,8020.56,8292.19,8003.87,164741.715,2020-01-11
94,8020.58,8186.7,8195.0,7956.28,108629.964,2020-01-12
95,8186.22,8113.0,8200.0,8053.78,74581.364,2020-01-13
96,8112.99,8825.0,8893.0,8109.02,290777.981,2020-01-14
97,8825.0,8825.3,8921.2,8570.52,237633.837,2020-01-15
98,8825.35,8725.08,8868.21,8596.25,167958.963,2020-01-16
99,8724.99,8918.72,9039.0,8680.0,205717.686,2020-01-17
100,8918.73,8925.0,8995.0,8816.0,114708.682,2020-01-18
101,8925.0,8705.85,9205.3,8440.91,225314.525,2020-01-19
102,8705.98,8650.0,8750.37,8526.06,125161.675,2020-01-20
103,8650.0,8742.43,8790.1,8448.6,107577.153,2020-01-21
104,8742.78,8684.57,8820.0,8585.85,94305.496,2020-01-22
105,8684.47,8409.6,8694.0,8326.0,163407.064,2020-01-23
106,8410.0,8441.96,8528.0,8247.0,144785.391,2020-01-24
107,8442.82,8344.64,8455.0,8272.0,96961.714,2020-01-25
108,8344.37,8611.21,8624.45,8300.0,117898.916,2020-01-26
109,8611.21,8913.61,9015.48,8565.0,172235.328,2020-01-27
110,8913.61,9398.98,9436.06,8905.0,244467.546,2020-01-28
111,9399.72,9311.0,9460.52,9242.0,169460.643,2020-01-29
112,9311.23,9525.67,9599.0,9210.42,190137.536,2020-01-30
113,9525.67,9364.51,9550.72,9220.0,146644.026,2020-01-31
114,9364.5,9392.74,9477.76,9306.0,109040.285,2020-02-01
115,9392.99,9338.2,9489.92,9160.01,148402.977,2020-02-02
116,9340.49,9300.64,9647.61,9250.0,159049.385,2020-02-03
117,9300.63,9198.35,9368.0,9105.0,147843.902,2020-02-04
118,9198.32,9630.0,9799.08,9179.88,212311.697,2020-02-05
119,9630.0,9778.12,9884.0,9550.0,200556.367,2020-02-06
120,9777.97,9821.52,9900.0,9736.66,129740.767,2020-02-07
121,9821.52,9906.43,9956.0,9680.55,129267.269,2020-02-08
122,9906.09,10167.38,10184.34,9892.15,143407.013,2020-02-09
123,10167.37,9865.56,10213.56,9750.0,184242.737,2020-02-10
124,9865.56,10229.06,10409.96,9729.36,190119.815,2020-02-11
125,10230.74,10339.99,10479.98,10229.71,159674.258,2020-02-12
126,10339.64,10239.63,10540.0,10101.0,213052.717,2020-02-13
127,10240.02,10356.82,10390.0,10123.37,130975.746,2020-02-14
128,10356.27,9914.99,10389.75,9752.3,152146.127,2020-02-15
129,9914.31,9921.86,10060.45,9626.64,141547.956,2020-02-16
130,9921.87,9716.0,9971.0,9461.89,185338.179,2020-02-17
131,9716.0,10174.32,10270.0,9598.0,166119.369,2020-02-18
132,10174.53,9593.65,10286.0,9293.07,187495.927,2020-02-19
133,9593.31,9601.99,9700.0,9382.59,143105.587,2020-02-20
134,9601.51,9681.39,9759.59,9547.0,98954.288,2020-02-21
135,9681.39,9659.2,9710.7,9565.0,58419.547,2020-02-22
136,9658.95,9943.12,10018.9,9657.0,97134.358,2020-02-23
137,9943.12,9662.95,10000.0,9487.38,157965.671,2020-02-24
138,9662.88,9326.0,9686.78,9247.0,168641.725,2020-02-25
139,9326.0,8792.22,9384.0,8610.0,267005.172,2020-02-26
140,8793.96,8828.0,8978.0,8533.9,200638.488,2020-02-27
141,8827.12,8699.57,8908.86,8450.0,196066.110,2020-02-28
142,8699.86,8531.98,8799.83,8530.0,103524.685,2020-02-29
143,8532.5,8537.84,8762.24,8409.0,174332.916,2020-03-01
144,8537.84,8919.7,8972.0,8504.95,160294.484,2020-03-02
145,8919.7,8765.0,8922.34,8657.41,160123.605,2020-03-03
146,8765.0,8756.93,8853.88,8669.23,105462.120,2020-03-04
147,8755.98,9062.81,9172.3,8755.98,161840.623,2020-03-05
148,9062.62,9139.48,9179.75,8994.14,115011.583,2020-03-06
149,9139.77,8897.18,9204.0,8850.0,125804.999,2020-03-07
150,8895.62,8038.46,8897.71,7997.7,237407.028,2020-03-08
151,8038.99,7932.15,8182.31,7635.21,334399.107,2020-03-09
152,7932.45,7897.66,8156.31,7733.0,257068.702,2020-03-10
153,7898.21,7938.39,7988.0,7593.29,220537.381,2020-03-11
154,7938.39,4764.65,7969.0,4347.0,784747.020,2020-03-12
155,4762.28,5570.26,5971.0,3621.81,935489.242,2020-03-13
156,5569.84,5167.01,5638.42,5040.0,316242.586,2020-03-14
157,5167.21,5357.32,5954.47,5089.12,356311.765,2020-03-15
158,5354.81,5026.26,5361.26,4413.62,621555.792,2020-03-16
159,5027.11,5307.38,5529.98,4913.49,429908.098,2020-03-17
160,5306.42,5389.64,5435.0,4982.75,402005.703,2020-03-18
161,5389.94,6159.6,6400.0,5246.5,499391.190,2020-03-19
162,6159.41,6203.77,6911.0,5650.0,571898.016,2020-03-20
163,6204.47,6183.69,6457.17,5854.01,387679.649,2020-03-21
164,6183.84,5810.17,6408.91,5730.35,391002.795,2020-03-22
165,5810.3,6463.84,6619.9,5670.0,489746.087,2020-03-23
166,6463.21,6741.33,6840.0,6369.0,437968.553,2020-03-24
167,6740.86,6673.41,6960.71,6436.26,400684.542,2020-03-25
168,6673.57,6733.76,6777.5,6500.0,281245.628,2020-03-26
169,6733.76,6353.64,6840.0,6230.0,258213.519,2020-03-27
170,6353.64,6230.95,6354.74,6004.0,341944.185,2020-03-28
171,6231.81,5876.27,6260.0,5857.6,251335.919,2020-03-29
172,5876.27,6391.08,6606.15,5850.0,387321.998,2020-03-30
173,6389.52,6407.1,6516.63,6320.0,262522.644,2020-03-31
174,6407.1,6641.51,6693.0,6140.0,390529.602,2020-04-01
175,6641.22,6791.63,7290.0,6542.73,531321.428,2020-04-02
176,6791.65,6729.8,7049.11,6600.0,411944.927,2020-04-03
177,6729.8,6851.1,7020.0,6629.99,319849.757,2020-04-04
178,6851.4,6768.9,6893.44,6668.02,239224.508,2020-04-05
179,6768.9,7325.73,7370.0,6760.0,461331.013,2020-04-06
180,7325.73,7192.9,7457.0,7070.43,419572.040,2020-04-07
181,7192.9,7357.66,7417.83,7145.14,332599.575,2020-04-08
182,7357.15,7278.65,7365.69,7105.98,293638.581,2020-04-09
183,7278.83,6857.82,7290.0,6741.0,440148.453,2020-04-10
184,6858.0,6874.18,6944.28,6757.29,224157.844,2020-04-11
185,6874.17,6900.52,7173.98,6775.66,321594.822,2020-04-12
186,6900.19,6834.0,6900.99,6558.0,421954.773,2020-04-13
187,6834.01,6864.11,6975.6,6751.0,280445.427,2020-04-14
188,6864.11,6616.89,6929.0,6602.59,281136.689,2020-04-15
189,6616.88,7098.15,7190.92,6465.33,559868.603,2020-04-16
190,7098.15,7022.44,7140.0,6981.0,277339.601,2020-04-17
191,7022.0,7242.42,7290.0,7008.11,225807.171,2020-04-18
192,7242.49,7118.03,7258.42,7055.0,216975.114,2020-04-19
193,7118.04,6825.29,7208.55,6735.95,445104.981,2020-04-20
194,6825.28,6838.0,6940.0,6759.16,288024.528,2020-04-21
195,6838.0,7120.06,7154.9,6812.57,306482.163,2020-04-22
196,7120.06,7483.35,7802.38,7020.0,472510.047,2020-04-23
197,7483.36,7504.11,7612.91,7388.0,278378.368,2020-04-24
198,7504.62,7534.01,7722.33,7433.0,243266.807,2020-04-25
199,7534.01,7694.17,7709.57,7476.86,269921.936,2020-04-26
200,7693.63,7774.0,7795.6,7623.98,290336.169,2020-04-27
201,7774.0,7735.75,7780.0,7662.49,217652.761,2020-04-28
202,7735.76,8784.2,8988.66,7710.0,871197.569,2020-04-29
203,8784.05,8624.76,9479.77,8400.0,944211.711,2020-04-30
204,8623.61,8830.52,9065.0,8619.84,417820.386,2020-05-01
205,8830.52,8975.18,9020.0,8755.01,295769.728,2020-05-02
206,8975.18,8900.0,9200.0,8727.24,451322.713,2020-05-03
207,8899.99,8873.98,8954.94,8526.0,440135.307,2020-05-04
208,8873.99,9022.78,9118.17,8766.12,409920.130,2020-05-05
209,9022.76,9148.27,9405.0,8916.01,507753.800,2020-05-06
210,9148.29,9995.0,10080.0,9022.0,738920.219,2020-05-07
211,9994.74,9807.49,10045.03,9726.0,458034.211,2020-05-08
212,9809.63,9550.67,9923.98,9528.23,411941.957,2020-05-09
213,9550.25,8719.53,9580.0,7940.0,842909.031,2020-05-10
214,8723.23,8561.09,9164.0,8151.12,805164.964,2020-05-11
215,8560.73,8808.71,8981.0,8520.43,369716.041,2020-05-12
216,8808.71,9305.91,9397.0,8790.04,379719.000,2020-05-13
217,9305.91,9786.8,9950.0,9250.66,602528.438,2020-05-14
218,9787.62,9310.73,9843.5,9100.0,504107.096,2020-05-15
219,9311.21,9374.99,9585.0,9210.03,287768.201,2020-05-16
220,9374.99,9678.57,9880.0,9317.16,300859.340,2020-05-17
221,9677.31,9731.1,9958.67,9450.0,363732.370,2020-05-18
222,9731.11,9773.64,9900.0,9462.0,376313.845,2020-05-19
223,9772.66,9508.11,9838.0,9281.42,334423.590,2020-05-20
224,9508.0,9060.0,9573.0,8812.2,461439.193,2020-05-21
225,9060.0,9166.4,9259.38,8920.0,276008.073,2020-05-22
226,9166.43,9176.41,9300.0,9076.9,201589.660,2020-05-23
227,9176.32,8711.37,9294.44,8674.0,339643.378,2020-05-24
228,8711.37,8895.65,8977.0,8623.38,302980.106,2020-05-25
229,8895.66,8837.05,9011.82,8693.18,275619.158,2020-05-26
230,8837.88,9197.32,9230.0,8811.0,272253.998,2020-05-27
231,9197.32,9569.59,9621.65,9110.97,327412.374,2020-05-28
232,9569.58,9422.26,9598.0,9317.42,238691.299,2020-05-29
233,9422.11,9695.0,9753.0,9326.01,255234.058,2020-05-30
234,9694.38,9446.43,9698.0,9371.76,219829.356,2020-05-31
235,9446.49,10232.48,10497.25,9420.85,333740.457,2020-06-01
236,10232.41,9514.9,10262.3,9264.15,354168.517,2020-06-02
237,9514.9,9663.59,9694.75,9382.33,185389.412,2020-06-03
238,9663.58,9788.33,9884.0,9440.0,264515.319,2020-06-04
239,9788.32,9617.29,9855.0,9580.52,237103.042,2020-06-05
240,9616.64,9664.0,9738.77,9528.0,152526.703,2020-06-06
241,9664.01,9743.92,9823.13,9373.0,253986.313,2020-06-07
242,9743.92,9778.87,9816.0,9631.0,162086.419,2020-06-08
243,9778.87,9771.66,9890.0,9550.03,204422.819,2020-06-09
244,9771.66,9884.99,10015.99,9681.21,193628.149,2020-06-10
245,9884.99,9278.03,9970.1,9055.07,404046.613,2020-06-11
246,9277.72,9458.91,9550.0,9238.0,211611.340,2020-06-12
247,9458.77,9468.54,9497.85,9340.0,113449.075,2020-06-13
248,9468.55,9339.61,9477.0,9240.97,143978.523,2020-06-14
249,9339.7,9422.01,9490.83,8888.43,413865.727,2020-06-15
250,9422.01,9519.12,9595.0,9370.0,225713.247,2020-06-16
251,9519.13,9458.45,9569.0,9231.03,227477.390,2020-06-17
252,9458.45,9381.59,9483.85,9272.41,158349.247,2020-06-18
253,9381.99,9307.0,9453.0,9239.0,219510.059,2020-06-19
254,9307.0,9354.04,9394.29,9165.0,154462.290,2020-06-20
255,9353.84,9293.51,9420.47,9279.0,110599.558,2020-06-21
256,9293.39,9686.99,9795.0,9273.0,260561.647,2020-06-22
257,9686.99,9631.66,9723.23,9585.0,164673.499,2020-06-23
258,9631.65,9298.4,9678.0,9210.0,300450.251,2020-06-24
259,9298.78,9246.75,9350.9,9005.0,272566.502,2020-06-25
260,9246.75,9159.99,9297.16,9038.52,249348.670,2020-06-26
261,9159.99,9008.0,9195.75,8816.4,237840.165,2020-06-27
262,9008.0,9114.0,9188.0,8932.68,153842.891,2020-06-28
263,9114.01,9189.48,9233.0,9022.0,176660.525,2020-06-29
264,9189.99,9138.87,9205.0,9063.97,143469.832,2020-06-30
265,9138.88,9233.29,9293.0,9090.0,161642.185,2020-07-01
266,9233.29,9087.72,9262.99,8936.0,230747.519,2020-07-02
267,9087.72,9057.52,9124.52,9036.06,96947.338,2020-07-03
268,9058.07,9137.18,9194.0,9042.84,100215.438,2020-07-04
269,9137.18,9071.86,9146.35,8900.0,139545.566,2020-07-05
270,9071.87,9339.6,9379.0,9058.1,199643.828,2020-07-06
271,9339.59,9258.51,9380.0,9201.23,127833.975,2020-07-07
272,9258.51,9436.08,9470.0,9233.47,170243.001,2020-07-08
273,9436.08,9236.28,9440.81,9164.33,188355.856,2020-07-09
274,9236.29,9288.39,9317.24,9121.42,140849.874,2020-07-10
275,9288.39,9233.5,9301.74,9178.91,74976.521,2020-07-11
276,9233.5,9300.69,9349.0,9155.0,127841.882,2020-07-12
277,9300.7,9241.2,9345.0,9200.0,136117.659,2020-07-13
278,9241.18,9254.17,9279.0,9116.0,129704.278,2020-07-14
279,9254.17,9197.3,9272.56,9156.0,104107.708,2020-07-15
280,9197.75,9132.0,9223.0,9044.02,148089.450,2020-07-16
281,9132.0,9151.69,9187.0,9087.0,80940.584,2020-07-17
282,9151.7,9171.8,9210.0,9121.98,63233.596,2020-07-18
283,9171.79,9210.51,9239.59,9108.0,75554.579,2020-07-19
284,9210.68,9161.13,9221.0,9131.01,72429.691,2020-07-20
285,9161.28,9388.01,9439.6,9152.62,179211.347,2020-07-21
286,9388.0,9518.25,9543.0,9272.0,126598.902,2020-07-22
287,9518.25,9604.41,9678.32,9439.86,166990.147,2020-07-23
288,9604.41,9539.7,9650.0,9470.0,133975.068,2020-07-24
289,9539.7,9701.49,9735.1,9526.31,133377.589,2020-07-25
290,9701.54,9939.69,10300.0,9655.2,261998.786,2020-07-26
291,9939.68,11047.58,11488.0,9928.61,744752.400,2020-07-27
292,11047.58,10919.94,11270.0,10580.0,499486.679,2020-07-28
293,10919.94,11113.03,11364.8,10844.34,356188.761,2020-07-29
294,11113.01,11111.96,11195.52,10826.55,230327.988,2020-07-30
295,11111.97,11343.68,11450.42,10971.78,307399.731,2020-07-31
296,11343.67,11811.42,11887.45,11201.0,386322.642,2020-08-01
297,11811.43,11079.72,12154.25,10490.0,492803.351,2020-08-02
298,11080.7,11227.07,11483.0,10923.0,238654.591,2020-08-03
299,11227.07,11200.05,11427.38,11025.0,200044.934,2020-08-04
300,11200.06,11752.5,11798.56,11103.0,263510.011,2020-08-05
301,11752.5,11770.56,11916.02,11571.78,236459.595,2020-08-06
302,11769.97,11596.06,11920.0,11318.93,273935.127,2020-08-07
303,11596.26,11765.72,11819.0,11513.69,154707.303,2020-08-08
304,11765.72,11685.99,11811.0,11526.9,125463.463,2020-08-09
305,11685.99,11896.89,12100.0,11384.9,290418.014,2020-08-10
306,11896.86,11392.64,11944.0,11127.0,336861.638,2020-08-11
307,11392.64,11568.36,11630.0,11140.0,213799.491,2020-08-12
308,11568.37,11790.0,11798.0,11272.0,248214.725,2020-08-13
309,11790.0,11767.89,11868.42,11644.6,159019.959,2020-08-14
310,11767.89,11859.04,11993.58,11682.0,222262.987,2020-08-15
311,11858.91,11921.23,11945.0,11688.0,165733.721,2020-08-16
312,11921.32,12298.06,12499.42,11780.0,331435.112,2020-08-17
313,12298.06,11960.79,12403.0,11810.0,291349.888,2020-08-18
314,11962.03,11763.87,12037.05,11574.78,313267.066,2020-08-19
315,11763.88,11857.92,11888.0,11676.03,130981.044,2020-08-20
316,11858.53,11538.53,11882.68,11491.0,195106.536,2020-08-21
317,11538.53,11670.47,11689.08,11385.06,126696.730,2020-08-22
318,11670.48,11654.0,11724.0,11522.15,95608.033,2020-08-23
319,11654.0,11753.3,11831.96,11595.0,108781.125,2020-08-24
320,11753.29,11327.17,11770.0,11130.0,267234.771,2020-08-25
321,11327.18,11466.22,11548.68,11255.95,170305.024,2020-08-26
322,11466.22,11335.53,11593.0,11130.82,253778.342,2020-08-27
323,11335.83,11526.85,11544.88,11283.19,129477.627,2020-08-28
324,11526.85,11466.66,11582.0,11419.34,83715.229,2020-08-29
325,11466.27,11714.14,11724.12,11457.88,113266.672,2020-08-30
326,11714.13,11658.11,11784.21,11575.78,127272.378,2020-08-31
327,11658.11,11930.18,12061.07,11531.34,211680.828,2020-09-01
328,11930.17,11396.96,11961.0,11156.0,280411.964,2020-09-02
329,11396.44,10141.08,11475.0,9901.16,487812.737,2020-09-03
330,10141.4,10448.0,10635.77,9878.65,432563.841,2020-09-04
331,10448.0,10168.71,10567.87,9808.58,399307.282,2020-09-05
332,10168.23,10258.13,10348.97,10003.0,190207.654,2020-09-06
333,10258.13,10378.76,10420.55,9879.68,258476.949,2020-09-07
334,10379.3,10129.02,10443.79,9842.01,317802.322,2020-09-08
335,10130.0,10219.29,10346.0,9981.13,151222.689,2020-09-09
336,10219.29,10335.91,10484.6,10211.67,187667.873,2020-09-10
337,10335.91,10387.81,10397.85,10200.8,135929.303,2020-09-11
338,10387.81,10438.28,10477.7,10271.0,97429.037,2020-09-12
339,10438.29,10327.72,10580.0,10209.01,159021.843,2020-09-13
340,10327.72,10664.1,10746.06,10241.57,205260.236,2020-09-14
341,10664.1,10776.78,10923.42,10592.0,247657.230,2020-09-15
342,10776.88,10948.17,11089.08,10661.9,252881.019,2020-09-16
343,10948.16,10935.33,11040.0,10740.0,186484.361,2020-09-17
344,10935.97,10926.29,11035.0,10810.1,136028.351,2020-09-18
345,10926.3,11073.74,11177.0,10880.0,126239.232,2020-09-19
346,11073.2,10914.28,11073.9,10751.0,150450.562,2020-09-20
347,10915.52,10414.73,10980.69,10281.0,333047.145,2020-09-21
348,10414.73,10523.32,10574.08,10353.1,179900.686,2020-09-22
349,10523.32,10237.91,10531.94,10132.21,203027.542,2020-09-23
350,10237.91,10724.92,10837.27,10191.0,241646.573,2020-09-24
351,10724.91,10683.51,10754.29,10551.56,170930.773,2020-09-25
352,10683.5,10726.5,10827.8,10642.23,109340.491,2020-09-26
353,10726.5,10768.0,10793.5,10584.0,123440.716,2020-09-27
354,10768.0,10691.45,11024.0,10627.19,187105.377,2020-09-28
355,10691.94,10836.98,10863.94,10631.49,146888.319,2020-09-29
356,10836.99,10773.0,10845.99,10660.05,132834.116,2020-09-30
357,10773.0,10612.63,10935.14,10442.0,253619.622,2020-10-01
358,10612.62,10565.15,10660.0,10371.03,224747.037,2020-10-02
359,10565.44,10537.96,10596.0,10491.11,76315.911,2020-10-03
360,10537.96,10660.16,10694.0,10514.0,90912.105,2020-10-04
361,10660.16,10785.0,10792.0,10608.9,130589.137,2020-10-05
362,10784.99,10593.65,10792.0,10510.66,184895.250,2020-10-06
363,10593.65,10658.75,10675.0,10540.29,106700.522,2020-10-07
364,10658.75,10919.45,10958.0,10523.0,207938.861,2020-10-08
365,10919.45,11050.47,11110.0,10818.44,154336.818,2020-10-09
366,11050.46,11294.79,11494.0,11050.46,199398.012,2020-10-10
367,11294.78,11369.59,11450.73,11273.77,146323.076,2020-10-11
368,11369.59,11530.36,11732.0,11157.0,254217.203,2020-10-12
369,11530.37,11419.36,11562.0,11308.0,199115.115,2020-10-13
370,11419.36,11417.13,11550.0,11280.5,192936.970,2020-10-14
371,11417.12,11502.0,11649.48,11250.0,215260.399,2020-10-15
372,11502.0,11318.92,11538.92,11175.0,212339.085,2020-10-16
373,11319.51,11356.25,11424.09,11250.0,95892.966,2020-10-17
374,11356.25,11501.1,11529.93,11342.54,92472.191,2020-10-18
375,11501.5,11745.0,11830.0,11404.01,230161.648,2020-10-19
376,11744.99,11900.03,12045.78,11673.0,312811.802,2020-10-20
377,11900.03,12796.07,13240.0,11876.0,591963.069,2020-10-21
378,12796.06,12968.87,13188.27,12675.5,343851.666,2020-10-22
379,12970.39,12925.82,13043.0,12725.04,237042.526,2020-10-23
380,12925.82,13110.88,13177.59,12871.07,176146.631,2020-10-24
381,13110.88,13023.81,13369.0,12715.0,206012.652,2020-10-25
382,13024.21,13047.24,13240.0,12729.0,316503.296,2020-10-26
383,13047.24,13629.38,13787.83,13041.3,411509.506,2020-10-27
384,13629.89,13256.17,13863.0,12876.0,476993.789,2020-10-28
385,13255.79,13446.65,13637.22,12965.0,355352.336,2020-10-29
386,13446.65,13549.12,13665.65,13100.0,349890.573,2020-10-30
387,13549.12,13783.73,14140.0,13403.36,357853.230,2020-10-31
388,13783.73,13752.86,13891.52,13605.9,198395.231,2020-11-01
389,13752.87,13540.54,13823.75,13195.0,327991.768,2020-11-02
390,13541.55,14016.55,14070.0,13276.33,348730.510,2020-11-03
391,14016.55,14134.31,14280.0,13512.0,451433.420,2020-11-04
392,14134.32,15598.75,15777.0,14088.01,717489.697,2020-11-05
393,15598.74,15590.96,15984.2,15177.0,559380.060,2020-11-06
394,15590.95,14824.34,15774.0,14350.0,457582.681,2020-11-07
395,14824.33,15473.2,15678.0,14710.0,290616.393,2020-11-08
396,15473.2,15328.72,15869.0,14822.0,474181.983,2020-11-09
397,15328.72,15294.68,15474.17,15071.0,244073.495,2020-11-10
398,15294.68,15690.24,16000.0,15274.89,330772.852,2020-11-11
399,15690.24,16289.02,16345.0,15437.7,471759.126,2020-11-12
400,16289.01,16320.54,16479.99,15955.6,306656.359,2020-11-13
401,16320.54,16064.51,16326.82,15700.0,266206.937,2020-11-14
402,16064.51,15952.27,16161.23,15768.0,210318.453,2020-11-15
403,15951.93,16707.07,16882.0,15862.0,342459.329,2020-11-16
404,16707.0,17670.01,17890.1,16550.0,524094.697,2020-11-17
405,17670.01,17788.32,18520.0,17215.03,732937.097,2020-11-18
406,17788.32,17811.68,18200.0,17347.27,406500.977,2020-11-19
407,17811.68,18664.31,18831.6,17748.92,407926.802,2020-11-20
408,18662.85,18721.99,18986.0,18302.08,342412.490,2020-11-21
409,18721.99,18435.2,18780.0,17645.98,373779.417,2020-11-22
410,18434.17,18382.07,18812.65,18013.97,364221.378,2020-11-23
411,18382.07,19179.64,19440.0,18000.0,477968.289,2020-11-24
412,19178.53,18741.67,19554.19,18509.12,426276.990,2020-11-25
413,18741.66,17155.34,18940.69,16181.0,850692.856,2020-11-26
414,17155.37,17144.1,17465.0,16444.83,398072.933,2020-11-27
415,17144.11,17717.74,17880.0,16865.78,268833.749,2020-11-28
416,17717.74,18181.09,18343.0,17523.0,256024.006,2020-11-29
417,18180.43,19720.0,19944.0,18178.82,500482.574,2020-11-30
418,19722.09,18772.7,19956.0,18050.0,553885.333,2020-12-01
419,18770.33,19207.01,19365.0,18329.58,335717.482,2020-12-02
420,19207.01,19434.3,19640.0,18865.0,245020.576,2020-12-03
421,19432.66,18664.2,19537.16,18570.0,276271.939,2020-12-04
422,18662.72,19147.62,19203.46,18510.0,165912.647,2020-12-05
423,19147.63,19375.02,19449.1,18855.35,176004.606,2020-12-06
424,19375.0,19172.88,19446.36,18908.66,169402.371,2020-12-07
425,19172.87,18319.32,19319.38,18133.33,280714.132,2020-12-08
426,18319.33,18537.98,18639.7,17650.0,353123.689,2020-12-09
427,18537.97,18253.51,18550.0,17916.0,233960.241,2020-12-10
428,18254.0,18031.47,18290.44,17555.0,317866.070,2020-12-11
429,18031.71,18800.0,18950.0,18012.21,196962.282,2020-12-12
430,18800.0,19175.07,19432.0,18705.46,239760.089,2020-12-13
431,19175.06,19270.7,19355.35,19004.72,181555.823,2020-12-14
432,19270.71,19424.91,19598.0,19039.64,248744.054,2020-12-15
433,19424.9,21346.8,21600.0,19274.55,459302.012,2020-12-16
434,21346.81,22816.99,23888.04,21231.5,823435.821,2020-12-17
435,22816.99,23124.35,23330.0,22363.94,305997.222,2020-12-18
436,23124.35,23847.28,24281.61,22735.81,337535.438,2020-12-19
437,23847.28,23472.96,24376.0,23076.25,322289.774,2020-12-20
438,23472.96,22730.1,24145.0,21920.0,476456.589,2020-12-21
439,22736.05,23826.99,23850.0,22387.0,326124.313,2020-12-22
440,23826.74,23238.27,24235.42,22572.52,394754.939,2020-12-23
441,23237.73,23737.44,23819.81,22700.0,237754.257,2020-12-24
442,23738.75,24730.0,24827.64,23450.0,284523.431,2020-12-25
443,24729.99,26508.83,26926.0,24507.24,367265.555,2020-12-26
444,26508.84,26305.64,28459.84,25850.0,540264.148,2020-12-27
445,26301.76,27102.66,27538.82,26117.1,267563.468,2020-12-28
446,27101.45,27402.83,27441.73,25913.01,260759.449,2020-12-29
447,27402.83,28906.99,29063.72,27401.0,374737.655,2020-12-30
448,28906.99,28951.68,29376.7,27848.0,313648.835,2020-12-31
449,28948.19,29337.16,29668.86,28627.12,210716.398,2021-01-01
450,29337.15,32199.91,33480.0,28958.24,545541.080,2021-01-02
451,32198.41,33054.53,34832.25,32000.02,487486.989,2021-01-03
452,33053.93,32031.07,33653.56,27800.0,506128.023,2021-01-04
453,32029.55,33999.52,34500.0,29900.0,433720.833,2021-01-05
454,33999.51,36823.68,37037.51,33356.46,444019.830,2021-01-06
455,36825.77,39498.92,40565.62,36337.36,520147.908,2021-01-07
456,39498.32,40637.23,42125.51,36539.77,518080.826,2021-01-08
457,40638.91,40136.04,41539.88,38733.28,260882.805,2021-01-09
458,40136.05,38221.67,41412.12,35268.0,436759.048,2021-01-10
459,38200.01,35408.46,38322.18,30448.0,906275.651,2021-01-11
460,35406.92,34056.9,36693.44,32600.0,449065.693,2021-01-12
461,34065.53,37421.07,37880.0,32420.0,398188.088,2021-01-13
462,37416.34,39163.31,40189.39,36764.33,353142.386,2021-01-14
463,39163.31,36755.24,39790.0,34478.0,437610.113,2021-01-15
464,36755.25,36025.66,38000.0,35366.0,301102.477,2021-01-16
465,36025.65,35869.83,36898.0,33863.5,287686.129,2021-01-17
466,35875.72,36686.86,37547.94,34808.47,253386.703,2021-01-18
467,36690.0,35891.03,37961.0,35850.0,257889.419,2021-01-19
468,35891.74,35500.0,36461.44,33403.0,329192.419,2021-01-20
469,35499.23,30879.97,35636.17,30069.9,550562.277,2021-01-21
470,30875.77,32986.34,33831.52,28880.0,453568.538,2021-01-22
471,32990.08,32086.48,33495.0,31405.0,256776.411,2021-01-23
472,32086.48,32275.63,33125.75,30914.2,212107.044,2021-01-24
473,32274.88,32253.68,34880.0,31921.47,316687.524,2021-01-25
474,32253.68,32474.14,32950.0,30810.0,346861.707,2021-01-26
475,32474.81,30381.04,32562.2,29240.0,431022.839,2021-01-27
476,30382.96,33399.75,33778.95,29843.33,311528.373,2021-01-28
477,33399.99,34269.35,38641.1,31960.0,713579.785,2021-01-29
478,34267.04,34289.85,34988.88,32849.06,267861.872,2021-01-30
479,34284.76,33126.21,34393.22,32193.04,211293.891,2021-01-31
480,33125.11,33546.09,34720.0,32322.47,240632.325,2021-02-01
481,33546.08,35504.06,36041.0,33450.0,239856.230,2021-02-02
482,35504.07,37652.51,37700.0,35410.0,240308.078,2021-02-03
483,37651.92,36976.93,38833.0,36233.0,306715.022,2021-02-04
484,36975.19,38362.65,38411.82,36586.68,196277.444,2021-02-05
485,38357.17,39249.54,40992.4,38269.0,310826.315,2021-02-06
486,39249.53,38849.25,39757.87,37403.27,296721.925,2021-02-07
487,38849.24,46451.32,47146.0,38037.0,440167.093,2021-02-08
488,46451.32,46492.54,48266.36,45057.65,381477.426,2021-02-09
489,46492.53,44850.0,47475.0,43770.0,334979.017,2021-02-10
490,44850.0,48060.21,48810.0,44038.97,330540.045,2021-02-11
491,48060.21,47361.03,49278.98,46121.0,259186.288,2021-02-12
492,47364.0,47221.62,48290.0,46252.1,199965.397,2021-02-13
493,47221.63,48655.21,49875.16,47093.16,241935.666,2021-02-14
494,48655.21,47981.58,49100.0,45349.21,248960.404,2021-02-15
495,47981.6,49197.94,50953.44,47101.02,343592.011,2021-02-16
496,49197.93,52194.62,52800.0,49029.62,312007.458,2021-02-17
497,52194.62,51619.7,52640.0,50948.0,185489.890,2021-02-18
498,51612.46,56004.1,56582.0,50800.0,257911.872,2021-02-19
499,56005.85,55917.41,57699.0,53905.0,240296.308,2021-02-20
500,55908.45,57487.43,58472.14,55564.5,196820.573,2021-02-21
501,57475.5,54121.1,57591.87,47751.42,480660.187,2021-02-22
502,54125.55,48930.0,54260.12,44893.82,748737.462,2021-02-23
503,48930.01,49702.03,51435.58,47000.0,333415.219,2021-02-24
504,49702.05,47089.37,52134.96,46685.43,349943.016,2021-02-25
505,47087.97,46313.13,48438.01,44100.0,440670.320,2021-02-26
506,46313.12,46102.63,48476.05,44926.77,256027.074,2021-02-27
507,46097.09,45163.36,46678.0,43002.05,370358.825,2021-02-28
508,45162.64,49592.7,49800.0,44972.49,315659.931,2021-03-01
509,49594.99,48450.57,50221.77,47058.06,273100.435,2021-03-02
510,48454.21,50373.75,52681.51,48110.66,350311.234,2021-03-03
511,50373.75,48385.77,51800.0,47500.0,387428.957,2021-03-04
512,48385.77,48770.57,49470.0,46320.0,354602.756,2021-03-05
513,48772.68,48908.21,49253.63,47090.0,215092.910,2021-03-06
514,48908.21,50995.27,51480.0,48908.21,248398.116,2021-03-07
515,50991.35,52429.43,52450.0,49310.0,308339.866,2021-03-08
516,52429.43,54917.78,54950.0,51880.0,285604.798,2021-03-09
517,54917.78,55947.98,57500.92,53061.0,401159.493,2021-03-10
518,55949.3,57844.52,58283.0,54356.44,364681.318,2021-03-11
519,57842.64,57291.03,58186.33,55074.3,335495.042,2021-03-12
520,57291.04,61267.41,61950.0,56136.0,320322.173,2021-03-13
521,61267.41,59037.12,61798.0,59005.0,231991.901,2021-03-14
522,59037.11,55646.61,60740.0,54517.28,448820.830,2021-03-15
523,55646.61,56954.19,56988.0,53335.0,339718.202,2021-03-16
524,56953.23,58959.0,59078.79,54154.93,339397.712,2021-03-17
525,58959.01,57700.01,60510.0,57072.0,305100.026,2021-03-18
526,57700.01,58089.11,59550.0,56301.27,259039.479,2021-03-19
527,58089.11,58145.61,59948.0,57881.0,203680.149,2021-03-20
528,58144.44,57415.18,58638.7,55403.55,237518.696,2021-03-21
529,57415.19,54129.56,58500.0,53635.81,293062.947,2021-03-22
530,54129.56,54400.0,55890.68,52981.4,276199.041,2021-03-23
531,54400.0,52311.54,57234.79,51666.0,394172.526,2021-03-24
532,52307.89,51325.21,53255.2,50452.08,416848.091,2021-03-25
533,51325.21,55030.0,55123.0,51260.0,271957.842,2021-03-26
534,55030.0,55828.0,56658.76,54001.0,234435.346,2021-03-27
535,55828.0,55805.08,56588.31,54694.91,200603.768,2021-03-28
536,55804.16,57677.64,58490.11,54931.15,277215.268,2021-03-29
537,57676.14,58794.16,59560.0,57110.0,232824.065,2021-03-30
538,58794.17,58807.24,59920.0,56812.0,337038.349,2021-03-31
539,58810.99,58794.01,59592.22,58002.0,196332.114,2021-04-01
540,58797.56,59031.36,60397.85,58490.03,189391.958,2021-04-02
541,59028.99,57134.65,59925.0,56900.0,198636.171,2021-04-03
542,57134.65,58234.61,58553.0,56517.23,152454.122,2021-04-04
543,58234.61,59243.39,59385.0,56808.94,174338.646,2021-04-05
544,59243.4,58059.99,59626.18,57500.0,165562.029,2021-04-06
545,58060.0,56018.18,58720.0,55536.07,265271.707,2021-04-07
546,56018.17,58122.26,58200.0,55759.13,161389.858,2021-04-08
547,58122.93,58176.03,58950.0,57700.0,141690.144,2021-04-09
548,58176.04,59832.43,61800.0,57943.95,240907.592,2021-04-10
549,59832.43,60090.2,60816.88,59304.02,148499.824,2021-04-11
550,60093.26,59911.18,61449.91,59500.0,196147.561,2021-04-12
551,59911.19,63649.71,63850.0,59873.01,279389.492,2021-04-13
552,63645.05,63019.1,64986.11,61404.0,323454.880,2021-04-14
553,63018.34,63232.55,63905.83,62157.89,178604.198,2021-04-15
554,63232.56,61424.67,63600.0,60100.0,255765.893,2021-04-16
555,61424.67,60090.14,62610.0,59620.0,194112.299,2021-04-17
556,60090.14,56140.05,60450.0,50050.0,522006.276,2021-04-18
557,56140.05,55634.39,57532.7,54200.0,285041.716,2021-04-19
558,55634.38,56410.56,57060.0,53330.82,324494.085,2021-04-20
559,56411.25,53800.0,56756.78,53610.0,252601.972,2021-04-21
560,53794.72,51714.61,55470.51,50534.34,453489.185,2021-04-22
561,51714.62,51122.62,52152.0,47546.16,554666.026,2021-04-23
562,51122.63,50092.4,51183.51,48690.0,299663.131,2021-04-24
563,50094.27,49063.94,50577.9,46930.43,310306.501,2021-04-25
564,49063.94,53984.33,54364.89,48763.0,390494.148,2021-04-26
565,53984.34,55006.25,55500.0,53225.14,225440.361,2021-04-27
566,55006.25,54861.77,56574.13,53852.0,263170.559,2021-04-28
567,54861.76,53558.8,55222.02,52350.0,257045.190,2021-04-29
568,53558.57,57684.16,57935.0,53043.62,294683.751,2021-04-30
569,57688.29,57836.34,58488.17,57051.23,207854.398,2021-05-01
570,57836.35,56630.33,57959.97,56100.0,203712.515,2021-05-02
571,56630.34,57214.83,59056.59,56500.65,271733.972,2021-05-03
572,57214.84,53263.32,57253.76,53094.59,388988.754,2021-05-04
573,53263.32,57497.77,57940.0,52880.38,317811.705,2021-05-05
574,57497.76,56435.35,58450.0,55297.91,275471.204,2021-05-06
575,56435.35,57350.88,58800.0,55300.0,256159.504,2021-05-07
576,57350.89,58924.98,59590.96,56961.25,264906.729,2021-05-08
577,58926.36,58292.53,59335.19,56316.0,245954.014,2021-05-09
578,58292.53,55869.67,59654.0,53250.0,396237.133,2021-05-10
579,55869.41,56710.43,56908.66,54541.33,267226.104,2021-05-11
580,56712.7,49595.76,58049.99,48503.74,472329.152,2021-05-12
581,49596.75,49707.9,51358.0,45596.32,652476.689,2021-05-13
582,49706.27,49873.27,51533.0,48870.41,319069.002,2021-05-14
583,49873.26,46793.41,50709.43,46584.32,442023.496,2021-05-15
584,46794.62,46429.28,49829.39,43866.0,604537.630,2021-05-16
585,46429.28,43566.18,46655.0,42151.0,809129.365,2021-05-17
586,43565.11,42882.53,45846.61,42268.0,590358.592,2021-05-18
587,42882.54,36689.14,43615.93,28688.0,1373851.849,2021-05-19
588,36689.14,40500.3,42460.0,34882.0,775185.113,2021-05-20
589,40500.0,37211.02,42270.42,33400.0,930671.747,2021-05-21
590,37210.01,37432.58,38851.34,35201.11,588166.784,2021-05-22
591,37436.0,34651.6,38261.71,31096.7,996815.017,2021-05-23
592,34656.53,38779.66,39917.09,34366.0,707903.071,2021-05-24
593,38783.58,38326.84,39790.05,36439.32,598836.411,2021-05-25
594,38326.84,39224.2,40900.0,37804.76,577032.810,2021-05-26
595,39224.21,38527.38,40438.82,37133.22,543338.566,2021-05-27
596,38527.38,35670.99,38888.35,34689.57,832363.425,2021-05-28
597,35670.99,34611.94,37375.0,33650.0,733902.825,2021-05-29
598,34611.95,35651.81,36501.0,33356.0,511834.746,2021-05-30
599,35651.8,37243.38,37500.0,34150.0,635082.121,2021-05-31
600,37244.36,36693.41,37893.76,35500.0,590822.540,2021-06-01
601,36694.37,37569.99,38232.99,35905.0,441719.806,2021-06-02
602,37570.0,39247.4,39470.0,37150.15,507429.005,2021-06-03
603,39247.4,36828.03,39297.35,35552.51,700625.866,2021-06-04
604,36828.03,35498.62,37900.49,34800.0,631028.448,2021-06-05
605,35497.93,35801.71,36521.16,35201.86,443601.064,2021-06-06
606,35801.71,33550.96,36820.0,33200.0,636735.873,2021-06-07
607,33550.97,33372.58,34061.57,30969.0,976693.026,2021-06-08
608,33372.58,37368.45,37511.31,32390.0,1031014.087,2021-06-09
609,37369.99,36669.66,38489.0,35750.0,803185.699,2021-06-10
610,36669.65,37300.42,37679.54,35900.0,586122.898,2021-06-11
611,37300.41,35537.05,37432.95,34585.9,623532.476,2021-06-12
612,35535.95,38993.65,39374.18,34739.06,647035.314,2021-06-13
613,38993.66,40489.1,41000.0,38720.0,704979.881,2021-06-14
614,40489.1,40132.86,41413.0,39500.0,632066.994,2021-06-15
615,40132.86,38344.97,40495.0,38105.0,673235.496,2021-06-16
616,38344.97,38060.71,39565.0,37334.76,603849.861,2021-06-17
617,38060.71,35811.41,38198.0,35100.0,790379.249,2021-06-18
618,35811.41,35483.0,36471.8,34704.08,642185.382,2021-06-19
619,35483.01,35588.64,36155.0,33312.0,829896.441,2021-06-20
620,35588.63,31606.0,35746.28,31250.51,1397330.662,2021-06-21
621,31606.0,32496.0,33274.0,28780.01,1531824.850,2021-06-22
622,32496.0,33649.0,34867.77,31711.5,960700.369,2021-06-23
623,33650.0,34644.64,35406.74,32300.0,774899.165,2021-06-24
624,34644.65,31568.07,35500.0,31250.0,1093051.375,2021-06-25
625,31569.18,32255.56,32720.52,30120.0,1091384.749,2021-06-26
626,32250.15,34687.71,34762.0,31960.0,897147.453,2021-06-27
627,34687.71,34487.22,35279.38,33855.0,706158.545,2021-06-28
628,34486.58,35911.26,36623.0,34206.0,806140.329,2021-06-29
629,35910.64,35031.39,36089.96,34042.74,719742.983,2021-06-30
630,35031.39,33489.96,35044.98,32672.04,758966.493,2021-07-01
631,33489.96,33760.94,33960.0,32684.0,664923.202,2021-07-02
632,33760.94,34652.94,34948.16,33296.98,510614.258,2021-07-03
633,34653.32,35280.16,35955.55,34340.75,451001.556,2021-07-04
634,35280.17,33672.72,35281.55,33032.0,736706.409,2021-07-05
635,33672.72,34206.01,35120.0,33500.0,644229.007,2021-07-06
636,34206.0,33845.64,35089.56,33756.48,456218.909,2021-07-07
637,33845.63,32852.04,33910.0,32066.0,650317.664,2021-07-08
638,32855.0,33805.01,34100.0,32250.0,485662.879,2021-07-09
639,33805.01,33497.98,34248.58,33010.0,410271.979,2021-07-10
640,33497.98,34253.81,34629.62,33306.03,343905.350,2021-07-11
641,34253.88,33070.87,34662.73,32650.0,502747.758,2021-07-12
642,33070.86,32709.09,33336.0,32186.99,466567.713,2021-07-13
643,32708.66,32803.01,33176.47,31556.02,521140.410,2021-07-14
644,32803.0,31866.43,33170.0,31140.0,539111.667,2021-07-15
645,31865.53,31382.95,32245.0,31018.59,516577.743,2021-07-16
646,31382.96,31496.65,31945.0,31150.02,422650.418,2021-07-17
647,31496.65,31767.0,32435.93,31075.1,412189.401,2021-07-18
648,31765.23,30823.62,31890.0,30358.77,486305.627,2021-07-19
649,30823.62,29775.9,31050.0,29242.24,602688.190,2021-07-20
650,29775.89,32120.0,32883.9,29472.41,787077.390,2021-07-21
651,32120.0,32268.11,32583.48,31700.0,397258.936,2021-07-22
652,32268.12,33634.46,33650.0,31970.82,404650.016,2021-07-23
653,33631.74,34230.0,34471.0,33379.81,376046.028,2021-07-24
654,34230.0,35370.66,35400.0,33812.0,404114.844,2021-07-25
655,35370.67,37218.09,48168.6,35185.49,1162332.857,2021-07-26
656,37218.09,39442.33,39546.34,36384.31,675104.157,2021-07-27
657,39448.06,40003.08,40894.0,38753.0,736196.234,2021-07-28
658,40003.08,40012.9,40665.0,39203.83,463917.872,2021-07-29
659,40012.89,42203.25,42316.6,38320.0,561474.309,2021-07-30
660,42202.6,41448.11,42494.0,41030.19,381521.899,2021-07-31
661,41448.1,39846.78,42614.98,39350.4,487529.044,2021-08-01
662,39846.78,39147.48,40450.0,38658.0,451872.128,2021-08-02
663,39147.47,38203.26,39774.93,37600.0,517219.517,2021-08-03
664,38201.33,39731.31,39975.32,37500.0,479560.473,2021-08-04
665,39731.31,40882.4,41350.0,37291.0,746249.712,2021-08-05
666,40882.39,42825.43,43400.0,39849.82,653451.154,2021-08-06
667,42825.43,44601.11,44753.01,42395.2,583750.891,2021-08-07
668,44601.11,43787.71,45350.0,43265.0,553684.698,2021-08-08
669,43787.71,46259.7,46483.0,42785.0,626220.503,2021-08-09
670,46259.7,45589.99,46800.0,44670.05,460478.861,2021-08-10
671,45589.99,45522.12,46754.27,45354.0,390660.571,2021-08-11
672,45522.13,44385.09,46226.67,43800.0,468276.056,2021-08-12
673,44385.09,47792.52,47980.69,44208.88,438025.460,2021-08-13
674,47792.52,47083.74,48300.0,46000.0,374368.796,2021-08-14
675,47083.75,47006.02,47388.75,45480.0,370950.807,2021-08-15
676,47006.02,45926.23,48074.23,45682.03,412537.605,2021-08-16
677,45926.23,44704.84,47194.0,44412.01,474316.400,2021-08-17
678,44704.85,44714.09,46050.0,44227.32,395836.158,2021-08-18
679,44714.09,46772.0,47100.0,43938.38,439402.162,2021-08-19
680,46772.0,49332.74,49500.0,46650.0,401499.081,2021-08-20
681,49332.99,48848.29,49833.0,48250.0,347594.451,2021-08-21
682,48846.11,49273.28,49556.2,48075.81,294672.223,2021-08-22
683,49273.28,49523.91,50600.0,49075.01,355733.496,2021-08-23
684,49523.23,47719.36,49888.88,47600.0,398682.002,2021-08-24
685,47719.37,48992.65,49297.8,47130.57,389100.384,2021-08-25
686,48992.65,46853.06,49380.0,46280.0,475183.123,2021-08-26
687,46854.22,49083.98,49220.0,46359.97,403667.012,2021-08-27
688,49082.13,48931.99,49333.0,48395.65,222793.024,2021-08-28
689,48931.99,48795.41,49769.2,47741.31,315105.499,2021-08-29
690,48795.42,47024.7,48916.25,46876.49,351830.754,2021-08-30
691,47024.69,47150.32,48298.0,46731.03,365548.209,2021-08-31
692,47150.32,48842.94,49160.79,46550.99,350108.374,2021-09-01
693,48842.93,49299.14,50420.0,48631.2,361863.055,2021-09-02
694,49299.14,50027.08,51111.0,48333.0,430326.386,2021-09-03
695,50027.09,49940.74,50582.08,49360.0,274956.842,2021-09-04
696,49942.2,51799.57,51950.0,49462.59,288984.124,2021-09-05
697,51799.56,52683.97,52830.0,51040.0,297734.284,2021-09-06
698,52683.98,46864.39,52950.0,42088.0,764140.139,2021-09-07
699,46864.38,46062.29,47347.0,44431.0,435803.011,2021-09-08
700,46060.02,46413.88,47400.0,45500.0,309015.750,2021-09-09
701,46413.88,44860.83,47037.5,44120.0,343533.069,2021-09-10
702,44860.83,45193.78,45999.0,44737.4,194144.115,2021-09-11
703,45194.19,46046.73,46512.2,44746.51,223534.630,2021-09-12
704,46048.02,44975.96,46933.89,43323.93,448942.068,2021-09-13
705,44975.96,47087.18,47272.98,44692.9,277925.721,2021-09-14
706,47087.18,48106.12,48440.93,46675.0,244226.370,2021-09-15
707,48106.13,47745.55,48488.0,47038.21,260044.727,2021-09-16
708,47745.55,47303.11,48150.0,46750.0,226193.340,2021-09-17
709,47303.11,48285.15,48850.0,47044.32,207900.413,2021-09-18
710,48284.61,47256.91,48364.64,46840.0,212631.933,2021-09-19
711,47256.92,43026.6,47345.0,42467.86,600764.629,2021-09-20
712,43026.61,40726.1,43629.6,39503.58,683242.002,2021-09-21
713,40727.83,43520.0,43989.98,40551.49,400849.752,2021-09-22
714,43520.0,44828.29,44976.48,43056.0,330253.525,2021-09-23
715,44828.29,42798.49,45134.33,40650.0,608595.520,2021-09-24
716,42798.49,42651.58,42950.0,41630.26,277084.795,2021-09-25
717,42646.84,43150.0,43940.0,40725.01,354393.916,2021-09-26
718,43150.01,42122.69,44350.0,42059.13,285311.606,2021-09-27
719,42122.69,41006.32,42749.0,40854.0,359745.538,2021-09-28
720,41002.96,41499.71,42576.8,40708.73,293307.589,2021-09-29
721,41499.7,43796.57,44100.0,41387.78,389185.646,2021-09-30
722,43799.49,48123.94,48450.0,43260.01,449491.768,2021-10-01
723,48123.93,47626.61,48338.68,47410.0,182565.988,2021-10-02
724,47626.62,48187.3,49304.12,47071.26,212410.375,2021-10-03
725,48187.99,49198.22,49544.48,46885.29,324424.837,2021-10-04
726,49199.78,51455.12,51888.0,49009.21,314043.813,2021-10-05
727,51460.22,55321.6,56416.02,50410.0,418731.748,2021-10-06
728,55327.45,53814.99,55337.8,53374.34,262974.545,2021-10-07
729,53814.99,53975.0,56208.73,53647.3,255210.035,2021-10-08
730,53974.99,54960.77,55589.0,53656.66,167495.393,2021-10-09
731,54960.79,54700.0,56789.0,54101.0,289072.818,2021-10-10
732,54700.0,57500.01,57880.0,54458.0,314868.050,2021-10-11
733,57500.01,56011.84,57756.52,53750.0,349147.775,2021-10-12
734,56011.83,57393.65,57822.38,54271.24,327714.318,2021-10-13
735,57393.65,57378.19,58586.67,56800.0,254719.751,2021-10-14
736,57377.12,61702.33,63997.61,56900.0,493366.513,2021-10-15
737,61702.33,60925.56,62444.23,60220.0,213251.899,2021-10-16
738,60925.56,61571.45,61796.47,58850.0,240132.514,2021-10-17
739,61571.45,62037.92,62800.0,59897.61,333278.481,2021-10-18
740,62037.92,64316.7,64500.0,61300.0,379243.718,2021-10-19
741,64314.75,66064.24,67150.0,63518.81,324737.868,2021-10-20
742,66064.25,62260.33,66750.0,62000.0,478610.458,2021-10-21
743,62260.33,60734.27,63796.2,60011.9,350359.527,2021-10-22
744,60734.28,61325.11,61780.0,59622.0,222553.478,2021-10-23
745,61325.09,60902.82,61550.0,59504.46,245816.821,2021-10-24
746,60902.82,63127.04,63795.98,60701.0,234201.100,2021-10-25
747,63129.25,60358.75,63362.06,59838.05,252256.924,2021-10-26
748,60358.74,58449.36,61550.0,57865.0,329112.396,2021-10-27
749,58449.36,60622.03,62641.26,57550.0,333323.116,2021-10-28
750,60622.02,62308.22,63069.71,60222.0,218355.773,2021-10-29
751,62308.21,61895.19,62415.85,60631.23,156041.523,2021-10-30
752,61895.19,61348.61,62462.99,60008.0,183599.524,2021-10-31
753,61347.14,60942.87,62543.58,59400.0,246158.361,2021-11-01
754,60942.87,63266.69,64349.55,60659.58,217592.062,2021-11-02
755,63266.69,62946.45,63613.0,60300.0,211190.183,2021-11-03
756,62946.45,61431.86,63149.0,60703.0,184677.079,2021-11-04
757,61433.9,61006.0,62671.48,60762.0,157569.637,2021-11-05
758,61006.0,61511.3,61645.75,60100.0,154919.118,2021-11-06
759,61511.3,63316.4,63377.58,61368.26,142878.208,2021-11-07
760,63316.4,67606.96,67932.89,63308.7,274932.146,2021-11-08
761,67606.96,67009.98,68675.16,66300.0,231843.834,2021-11-09
762,67010.65,64920.13,69198.7,62400.51,347835.573,2021-11-10
763,64920.13,64831.3,65646.98,64147.12,178279.275,2021-11-11
764,64831.2,64156.08,65500.0,62313.0,264576.325,2021-11-12
765,64156.08,64427.0,65073.24,63430.01,124466.493,2021-11-13
766,64426.99,65568.39,65569.99,63640.0,146424.701,2021-11-14
767,65568.38,63654.49,66395.05,63351.58,210026.602,2021-11-15
768,63654.49,60106.03,63655.77,58397.14,475025.706,2021-11-16
769,60106.03,60366.96,60848.85,58336.68,287388.873,2021-11-17
770,60366.97,56921.05,60999.0,56505.48,412021.672,2021-11-18
771,56921.04,58069.51,58333.0,55604.0,245356.121,2021-11-19
772,58069.52,59716.29,59873.84,57372.0,173697.342,2021-11-20
773,59716.28,58661.39,60052.82,58518.88,143887.271,2021-11-21
774,58648.87,56268.31,59624.56,55600.0,326184.881,2021-11-22
775,56268.31,57574.23,57888.0,55250.0,267790.325,2021-11-23
776,57574.24,57165.08,57775.27,55900.0,194683.757,2021-11-24
777,57165.09,58988.21,59449.62,57029.0,191912.653,2021-11-25
778,58988.36,53755.65,59186.41,53500.0,378650.919,2021-11-26
779,53755.66,54738.77,55300.0,53640.69,155119.117,2021-11-27
780,54738.77,57315.73,57474.76,53245.0,213600.615,2021-11-28
781,57315.72,57827.98,58924.21,56715.0,215111.466,2021-11-29
782,57827.97,56975.0,59224.99,55900.0,337624.148,2021-11-30
783,56978.06,57209.29,59100.0,56500.0,273959.104,2021-12-01
784,57209.28,56513.57,57428.49,55800.0,249985.255,2021-12-02
785,56513.56,53612.0,57670.0,50604.0,374132.016,2021-12-03
786,53611.86,49135.66,53889.69,40888.89,598774.989,2021-12-04
787,49135.66,49376.6,49699.49,47755.0,286434.382,2021-12-05
788,49373.83,50424.72,50888.0,47000.0,357711.029,2021-12-06
789,50424.72,50577.2,51929.0,50012.0,224670.618,2021-12-07
790,50577.2,50455.61,51210.6,48533.33,238229.884,2021-12-08
791,50459.61,47539.76,50773.03,47312.89,273086.086,2021-12-09
792,47539.34,47136.35,50188.42,46828.23,302974.429,2021-12-10
793,47132.31,49381.15,49499.05,46724.35,210959.992,2021-12-11
794,49379.51,50057.01,50768.0,48616.16,183434.285,2021-12-12
795,50057.02,46679.93,50180.0,45600.0,348551.322,2021-12-13
796,46679.93,48324.04,48657.92,46255.6,266213.627,2021-12-14
797,48324.0,48870.48,49479.75,46518.73,345239.891,2021-12-15
798,48870.48,47624.5,49439.79,47500.0,215874.187,2021-12-16
799,47629.1,46125.33,47988.27,45373.11,326458.135,2021-12-17
800,46125.33,46815.99,47336.99,45438.43,191006.415,2021-12-18
801,46815.99,46668.63,48461.17,46399.37,241698.541,2021-12-19
802,46668.65,46898.14,47533.42,45530.67,273804.259,2021-12-20
803,46896.82,48875.15,49298.78,46650.0,260008.358,2021-12-21
804,48875.88,48569.69,49599.0,48420.02,208463.689,2021-12-22
805,48569.69,50817.92,51377.74,48020.0,255885.480,2021-12-23
806,50817.94,50808.55,51805.0,50379.25,220208.725,2021-12-24
807,50809.37,50403.64,51190.0,50105.0,147662.438,2021-12-25
808,50403.64,50765.73,51300.0,49350.0,184800.616,2021-12-26
809,50765.73,50707.72,52134.0,50450.0,216225.263,2021-12-27
810,50707.72,47522.03,50713.56,47290.0,336083.340,2021-12-28
811,47522.02,46436.54,48125.97,46000.0,274795.378,2021-12-29
812,46436.53,47095.02,47911.68,45880.0,229931.288,2021-12-30
813,47095.02,46210.56,48575.0,45650.0,287186.003,2021-12-31
814,46210.57,47704.35,47943.77,46210.55,179433.584,2022-01-01
815,47704.35,47280.0,48000.0,46605.68,184795.093,2022-01-02
816,47280.01,46445.81,47575.22,45665.4,244781.793,2022-01-03
817,46445.8,45833.42,47524.36,45445.57,292149.750,2022-01-04
818,45833.41,43421.69,47075.29,42270.0,485477.569,2022-01-05
819,43421.7,43080.01,43766.0,42385.83,299509.851,2022-01-06
820,43080.01,41553.86,43135.0,40456.56,473214.849,2022-01-07
821,41553.87,41688.05,42335.0,40500.0,283737.224,2022-01-08
822,41688.05,41851.22,42773.85,41170.0,223134.952,2022-01-09
823,41851.22,41801.55,42219.84,39610.0,453644.116,2022-01-10
824,41801.55,42700.68,43118.0,41255.0,323760.691,2022-01-11
825,42700.69,43880.72,44300.0,42415.0,281339.294,2022-01-12
826,43880.72,42534.32,44396.68,42301.16,289289.180,2022-01-13
827,42538.72,43042.4,43450.0,41666.0,272517.077,2022-01-14
828,43042.4,43070.51,43800.0,42530.64,184649.157,2022-01-15
829,43070.51,43060.66,43464.71,42531.69,177450.475,2022-01-16
830,43060.66,42176.34,43159.32,41523.68,232748.345,2022-01-17
831,42176.34,42337.58,42680.0,41260.0,267472.465,2022-01-18
832,42337.58,41657.89,42545.0,41115.64,333952.095,2022-01-19
833,41656.9,40661.69,43495.0,40550.0,399818.052,2022-01-20
834,40662.06,36425.98,41095.76,35380.92,790320.909,2022-01-21
835,36426.46,35043.73,36817.74,33950.0,676272.904,2022-01-22
836,35043.73,36230.01,36496.92,34588.8,369372.903,2022-01-23
837,36230.0,36648.31,37528.0,32853.83,823000.702,2022-01-24
838,36648.3,36934.26,37561.03,35693.0,409535.517,2022-01-25
839,36934.26,36787.43,38886.58,36232.42,554457.384,2022-01-26
840,36787.42,37131.0,37200.0,35471.53,422006.922,2022-01-27
841,37131.0,37696.21,38000.0,36149.02,367509.143,2022-01-28
842,37696.22,38150.01,38750.94,37252.0,238657.764,2022-01-29
843,38150.0,37870.01,38420.3,37334.83,195029.125,2022-01-30
844,37870.0,38439.04,38741.73,36620.0,318440.392,2022-01-31
845,38439.04,38680.51,39260.26,37969.0,353354.121,2022-02-01
846,38680.51,36892.03,38834.18,36529.81,337570.934,2022-02-02
847,36892.05,37289.86,37395.0,36204.3,318656.228,2022-02-03
848,37287.33,41550.0,41741.76,37011.0,520105.770,2022-02-04
849,41550.0,41374.69,41922.0,40920.0,242184.070,2022-02-05
850,41374.68,42361.35,42656.8,41100.0,215323.950,2022-02-06
851,42361.34,43829.99,44541.16,41609.76,418053.774,2022-02-07
852,43829.99,44021.57,45600.0,42641.0,468015.421,2022-02-08
853,44021.58,44358.08,44826.0,43089.08,300270.062,2022-02-09
854,44358.09,43471.29,45847.5,43136.96,563922.075,2022-02-10
855,43471.3,42366.0,43900.0,41914.23,414646.193,2022-02-11
856,42365.99,42199.87,42980.0,41540.0,256269.325,2022-02-12
857,42199.88,42041.13,42755.97,41850.0,192068.012,2022-02-13
858,42041.12,42525.14,42888.0,41526.0,303990.933,2022-02-14
859,42525.14,44529.6,44777.0,42406.23,276735.421,2022-02-15
860,44529.7,43860.7,44536.8,43277.8,255790.287,2022-02-16
861,43860.8,40491.7,44150.0,40020.1,433958.984,2022-02-17
862,40491.8,39966.8,40944.1,39422.0,377679.782,2022-02-18
863,39966.8,40052.6,40438.7,39610.3,185624.675,2022-02-19
864,40052.6,38368.1,40100.1,37905.0,329740.444,2022-02-20
865,38367.9,36986.4,39510.0,36762.0,646391.815,2022-02-21
866,36986.4,38212.0,38450.0,36310.1,465313.497,2022-02-22
867,38212.1,37227.8,39250.0,36963.2,408056.255,2022-02-23
868,37227.9,38315.1,40376.1,34303.7,919820.907,2022-02-24
869,38316.2,39205.4,39750.0,37999.2,416316.366,2022-02-25
870,39205.4,39099.3,40441.1,38561.7,251892.201,2022-02-26
871,39099.3,37672.0,39868.6,36934.6,423197.247,2022-02-27
872,37672.1,43155.0,44341.0,37414.4,615391.161,2022-02-28
873,43155.0,44394.1,44935.0,42765.4,448483.646,2022-03-01
874,44393.6,43885.7,45350.0,43321.0,407603.721,2022-03-02
875,43885.8,42449.5,44080.0,41831.0,365565.832,2022-03-03
876,42449.6,39127.7,42525.3,38521.0,469138.374,2022-03-04
877,39127.7,39375.1,39580.0,38547.6,198747.893,2022-03-05
878,39375.0,38401.1,39690.0,38056.0,311705.260,2022-03-06
879,38401.1,37963.8,39550.0,37134.0,490254.516,2022-03-07
880,37963.7,38709.9,39340.5,37853.0,421462.367,2022-03-08
881,38709.9,41937.5,42647.5,38638.7,462059.811,2022-03-09
882,41939.5,39407.2,42034.3,38512.0,520645.186,2022-03-10
883,39407.1,38713.0,40242.0,38200.1,467078.892,2022-03-11
884,38713.1,38792.6,39578.4,38630.0,172494.825,2022-03-12
885,38792.7,37743.7,39300.0,37500.0,236623.694,2022-03-13
886,37743.0,39653.8,39989.0,37522.1,360058.358,2022-03-14
887,39651.6,39271.0,39901.8,38073.8,345019.243,2022-03-15
888,39270.9,41105.8,41804.0,38700.0,650589.661,2022-03-16
889,41105.9,40898.1,41498.4,40442.8,243988.794,2022-03-17
890,40898.0,41751.5,42322.8,40084.2,299134.443,2022-03-18
891,41751.6,42188.2,42446.6,41500.0,186459.954,2022-03-19
892,42188.2,41261.0,42269.3,40900.0,235774.129,2022-03-20
893,41261.0,40982.0,41544.4,40430.0,308396.460,2022-03-21
894,40982.0,42349.8,43517.7,40852.0,374297.674,2022-03-22
895,42349.9,42867.9,43051.0,41731.3,282631.740,2022-03-23
896,42867.8,43973.4,44200.0,42525.0,331440.057,2022-03-24
897,43973.2,44290.6,45142.0,43575.1,348620.122,2022-03-25
898,44290.6,44489.2,44785.0,44041.0,140712.587,2022-03-26
899,44489.3,46820.8,47047.0,44416.0,269280.228,2022-03-27
900,46820.9,47121.9,48200.0,46651.2,317565.782,2022-03-28
901,47121.8,47418.5,48100.0,46911.0,259040.835,2022-03-29
902,47418.5,47053.2,47688.6,46535.0,235009.892,2022-03-30
903,47053.1,45506.0,47619.4,45185.0,299837.610,2022-03-31
904,45505.9,46266.2,46700.0,44206.2,360734.553,2022-04-01
905,46266.2,45794.6,47236.8,45600.0,226413.357,2022-04-02
906,45792.3,46392.4,47448.0,45501.0,212589.013,2022-04-03
907,46392.3,46580.9,46895.5,45094.0,272796.541,2022-04-04
908,46580.9,45477.4,47188.0,45300.0,257524.639,2022-04-05
909,45477.5,43159.7,45494.2,43100.0,384359.375,2022-04-06
910,43159.8,43417.1,43888.0,42685.0,229567.980,2022-04-07
911,43417.1,42229.2,43968.1,42074.0,310095.829,2022-04-08
912,42229.1,42727.7,42796.7,42100.3,119722.654,2022-04-09
913,42727.8,42140.4,43399.4,41838.0,181904.470,2022-04-10
914,42140.3,39505.6,42399.9,39136.7,439530.020,2022-04-11
915,39505.6,40060.7,40700.0,39224.0,349883.631,2022-04-12
916,40060.7,41129.8,41580.0,39569.8,324910.931,2022-04-13
917,41129.8,39915.9,41474.8,39522.0,261966.391,2022-04-14
918,39915.9,40529.5,40888.0,39734.2,194680.671,2022-04-15
919,40529.6,40361.0,40700.0,39944.9,127705.057,2022-04-16
920,40360.9,39649.1,40574.1,39510.0,170331.824,2022-04-17
921,39649.1,40785.6,41310.0,38465.7,362435.319,2022-04-18
922,40785.7,41472.9,41788.0,40543.7,214404.271,2022-04-19
923,41472.9,41327.7,42166.8,40800.0,257382.427,2022-04-20
924,41326.0,40449.8,42966.0,39630.0,393149.956,2022-04-21
925,40449.7,39674.2,40786.1,39133.0,314935.753,2022-04-22
926,39674.3,39415.1,40000.0,39259.0,125046.817,2022-04-23
927,39413.8,39433.4,39930.6,38884.1,180371.762,2022-04-24
928,39433.4,40411.0,40650.0,38111.0,448877.893,2022-04-25
929,40411.0,38093.7,40800.0,37671.8,453132.198,2022-04-26
930,38093.7,39209.0,39470.0,37844.5,385645.365,2022-04-27
931,39209.0,39732.5,40376.6,38861.8,413543.408,2022-04-28
932,39732.5,38572.2,39924.8,38160.0,308116.375,2022-04-29
933,38572.2,37614.5,38782.6,37550.0,181810.382,2022-04-30
934,37614.4,38440.5,38680.6,37350.0,236549.462,2022-05-01
935,38440.2,38525.6,39222.0,38032.2,336845.365,2022-05-02
936,38525.5,37712.9,38674.7,37500.1,248986.222,2022-05-03
937,37713.0,39684.0,40071.7,37655.2,424498.818,2022-05-04
938,39684.1,36534.7,39845.0,35388.0,547209.000,2022-05-05
939,36533.7,35995.3,36679.3,35200.0,431979.240,2022-05-06
940,35995.2,35466.7,36138.0,34700.0,200264.833,2022-05-07
941,35466.7,34032.0,35504.0,33665.0,426872.584,2022-05-08
942,34032.1,30056.6,34243.3,30003.6,1078779.712,2022-05-09
943,30056.0,31002.1,32650.0,29701.4,863178.961,2022-05-10
944,31002.1,29074.7,32197.6,27651.0,1101875.972,2022-05-11
945,29077.9,29020.7,30257.0,26631.0,964475.589,2022-05-12
946,29020.8,29274.3,31072.6,28730.4,507620.105,2022-05-13
947,29274.2,30079.8,30352.2,28602.3,315756.895,2022-05-14
948,30079.5,31324.4,31462.0,29448.0,336773.139,2022-05-15
949,31324.3,29866.7,31327.4,29052.3,507243.166,2022-05-16
950,29866.4,30437.0,30794.0,29420.0,398624.519,2022-05-17
951,30437.0,28700.6,30700.0,28629.6,426700.457,2022-05-18
952,28700.6,30319.9,30550.0,28670.5,448856.724,2022-05-19
953,30319.9,29188.9,30784.4,28702.0,485439.171,2022-05-20
954,29188.9,29427.4,29650.0,28927.0,202804.089,2022-05-21
955,29427.4,30284.0,30500.0,29223.6,297116.440,2022-05-22
956,30284.0,29097.7,30658.0,28840.7,475720.750,2022-05-23
957,29097.8,29643.1,29887.3,28637.6,382124.449,2022-05-24
958,29643.0,29536.7,30246.7,29330.0,413459.484,2022-05-25
959,29536.7,29194.0,29877.0,27952.1,602137.086,2022-05-26
960,29194.0,28623.2,29387.0,28259.6,506638.884,2022-05-27
961,28623.3,29018.8,29265.7,28520.0,193644.283,2022-05-28
962,29018.8,29452.8,29595.2,28825.0,215139.934,2022-05-29
963,29452.6,31726.5,32307.6,29301.1,502712.176,2022-05-30
964,31726.5,31797.8,32427.5,31222.0,383688.265,2022-05-31
965,31797.9,29796.9,31986.1,29300.0,556992.756,2022-06-01
966,29796.9,30437.1,30750.0,29566.1,370924.687,2022-06-02
967,30437.1,29682.8,30693.2,29220.0,357110.377,2022-06-03
968,29682.8,29848.4,29988.0,29456.0,187520.534,2022-06-04
969,29848.5,29909.9,30250.0,29524.0,205385.831,2022-06-05
970,29910.0,31361.2,31780.0,29876.2,436522.874,2022-06-06
971,31361.2,31118.1,31599.0,29190.0,691714.985,2022-06-07
972,31118.0,30192.5,31325.0,29825.0,455686.637,2022-06-08
973,30192.6,30093.3,30691.9,29914.5,307312.175,2022-06-09
974,30093.4,29077.7,30374.1,28805.0,445928.659,2022-06-10
975,29077.7,28416.7,29427.9,28080.0,391367.814,2022-06-11
976,28416.6,26564.7,28530.3,26538.7,560834.131,2022-06-12
977,26564.7,22471.5,26877.0,21900.0,1622521.560,2022-06-13
978,22471.4,22122.7,23424.2,20823.0,1247609.796,2022-06-14
979,22122.7,22567.5,22800.0,20100.2,1509301.169,2022-06-15
980,22567.5,20387.4,23000.0,20222.0,882634.220,2022-06-16
981,20387.4,20457.3,21388.0,20228.0,776153.257,2022-06-17
982,20457.3,18959.7,20768.4,17593.2,1268591.388,2022-06-18
983,18959.7,20564.2,20821.0,17935.9,1089275.674,2022-06-19
984,20564.3,20570.1,21099.9,19630.0,935816.130,2022-06-20
985,20570.0,20713.1,21740.0,20337.8,787173.936,2022-06-21
986,20713.1,19977.4,20888.0,19745.7,812184.193,2022-06-22
987,19977.5,21096.6,21250.0,19874.0,698753.040,2022-06-23
988,21096.6,21231.2,21563.5,20732.5,645450.778,2022-06-24
989,21231.2,21481.9,21627.6,20894.0,434117.447,2022-06-25
990,21481.9,21029.1,21888.0,20952.0,442787.736,2022-06-26
991,21029.1,20730.0,21560.0,20500.0,539335.009,2022-06-27
992,20730.0,20268.6,21198.0,20188.0,582916.108,2022-06-28
993,20268.7,20109.9,20430.0,19817.2,608905.990,2022-06-29
994,20109.9,19923.5,20165.0,18563.0,859981.415,2022-06-30
995,19923.3,19272.0,20926.4,18948.8,915399.363,2022-07-01
996,19272.0,19240.9,19456.0,18959.0,382851.525,2022-07-02
997,19241.0,19305.9,19645.4,18780.1,449508.331,2022-07-03
998,19306.0,20226.6,20350.0,19046.3,633310.187,2022-07-04
999,20226.3,20170.0,20749.2,19291.6,854238.867,2022-07-05
1000,20170.1,20554.1,20667.6,19753.0,682076.458,2022-07-06
1001,20554.2,21613.4,21830.0,20244.9,699841.616,2022-07-07
1002,21614.5,21587.9,22579.9,21175.2,848144.495,2022-07-08
1003,21587.8,21580.0,22000.0,21309.6,393372.366,2022-07-09
1004,21580.0,20853.8,21594.2,20600.0,468176.539,2022-07-10
1005,20853.8,19954.3,20853.9,19870.0,561245.987,2022-07-11
1006,19954.3,19322.9,20048.9,19228.3,640560.723,2022-07-12
1007,19322.9,20220.1,20401.6,18901.0,975938.165,2022-07-13
1008,20220.1,20578.6,20900.0,19600.0,765989.530,2022-07-14
1009,20578.6,20823.1,21200.0,20364.3,626763.692,2022-07-15
1010,20823.1,21183.5,21580.0,20471.0,539206.870,2022-07-16
1011,21183.6,20794.4,21674.1,20742.0,485537.728,2022-07-17
1012,20794.4,22423.9,22800.0,20764.4,982867.734,2022-07-18
1013,22423.5,23385.9,23817.9,21575.0,1124029.082,2022-07-19
1014,23385.9,23221.5,24277.0,22912.4,946647.815,2022-07-20
1015,23221.5,23144.5,23441.1,22340.2,723543.466,2022-07-21
1016,23144.5,22675.1,23750.0,22500.0,633907.934,2022-07-22
1017,22675.0,22440.2,22990.0,21933.5,505887.673,2022-07-23
1018,22440.1,22570.6,22999.0,22256.4,462958.953,2022-07-24
1019,22570.6,21300.0,22656.8,21232.0,695770.655,2022-07-25
1020,21300.0,21241.0,21334.4,20689.6,552498.903,2022-07-26
1021,21241.0,22941.1,23100.0,21031.0,753370.303,2022-07-27
1022,22941.1,23836.2,24194.6,22583.1,756741.836,2022-07-28
1023,23836.2,23771.1,24500.0,23426.3,642337.051,2022-07-29
1024,23771.0,23629.9,24700.0,23505.0,493824.816,2022-07-30
1025,23630.0,23290.1,24187.3,23222.0,385969.850,2022-07-31
1026,23290.1,23257.6,23497.0,22836.2,498378.292,2022-08-01
1027,23257.6,22975.1,23448.7,22603.0,625227.912,2022-08-02
1028,22975.1,22801.5,23650.0,22665.3,569261.768,2022-08-03
1029,22801.5,22608.9,23211.3,22370.0,548268.816,2022-08-04
1030,22608.9,23298.1,23450.0,22580.6,593992.130,2022-08-05
1031,23298.0,22943.3,23341.8,22883.6,227659.394,2022-08-06
1032,22943.2,23167.8,23400.0,22830.9,271512.062,2022-08-07
1033,23167.9,23804.4,24243.0,23153.1,565084.219,2022-08-08
1034,23804.3,23140.2,23913.4,22850.0,498286.943,2022-08-09
1035,23140.1,23940.9,24235.2,22608.0,760738.204,2022-08-10
1036,23941.0,23917.2,24972.0,23840.6,760455.245,2022-08-11
1037,23917.3,24387.5,24438.8,23560.0,477734.045,2022-08-12
1038,24387.5,24429.0,24879.0,24267.5,431093.659,2022-08-13
1039,24429.0,24294.1,25065.0,24138.0,437314.320,2022-08-14
1040,24294.1,24085.2,25200.0,23762.0,739390.721,2022-08-15
1041,24085.2,23843.0,24234.0,23650.0,460919.994,2022-08-16
1042,23843.0,23333.1,24437.0,23170.0,640600.903,2022-08-17
1043,23333.1,23185.1,23595.0,23101.0,347699.006,2022-08-18
1044,23185.0,20824.9,23200.0,20760.0,906609.825,2022-08-19
1045,20825.0,21127.8,21368.9,20742.9,490507.042,2022-08-20
1046,21127.7,21505.6,21804.6,21055.0,424282.424,2022-08-21
1047,21505.6,21387.0,21550.0,20858.6,588764.597,2022-08-22
1048,21387.0,21518.2,21667.2,20874.8,609745.270,2022-08-23
1049,21518.2,21354.9,21925.6,21132.3,502728.198,2022-08-24
1050,21355.0,21548.3,21810.9,21295.3,415757.992,2022-08-25
1051,21548.3,20228.7,21867.6,20100.0,896474.356,2022-08-26
1052,20228.7,20023.9,20367.7,19744.0,469598.024,2022-08-27
1053,20024.0,19547.5,20155.0,19508.0,386405.195,2022-08-28
1054,19547.5,20275.5,20440.0,19539.4,598076.669,2022-08-29
1055,20275.5,19803.1,20574.0,19524.4,767714.993,2022-08-30
1056,19803.2,20041.5,20496.0,19787.9,711639.339,2022-08-31
1057,20041.4,20122.5,20198.3,19555.0,691594.721,2022-09-01
1058,20122.6,19941.0,20434.3,19736.0,669047.816,2022-09-02
1059,19941.0,19820.7,20050.0,19628.7,285240.989,2022-09-03
1060,19820.7,19992.7,20022.4,19570.0,396798.184,2022-09-04
1061,19992.7,19784.9,20046.7,19620.2,446706.410,2022-09-05
1062,19784.9,18781.5,20174.7,18600.0,945489.142,2022-09-06
1063,18781.4,19287.0,19455.0,18500.0,595636.693,2022-09-07
1064,19287.0,19309.3,19450.0,19003.8,537268.644,2022-09-08
1065,19309.3,21352.0,21666.0,19283.0,992497.100,2022-09-09
1066,21352.0,21639.5,21825.0,21112.2,491543.206,2022-09-10
1067,21639.5,21820.3,21883.4,21336.0,420979.326,2022-09-11
1068,21820.3,22386.0,22474.0,21540.0,818601.932,2022-09-12
1069,22386.0,20162.5,22850.0,19840.0,1218769.927,2022-09-13
1070,20162.6,20217.0,20528.5,19600.0,661802.597,2022-09-14
1071,20217.0,19690.8,20315.0,19453.0,665862.067,2022-09-15
1072,19690.8,19792.5,19878.0,19300.0,544608.804,2022-09-16
1073,19792.4,20102.0,20182.6,19739.4,334678.558,2022-09-17
1074,20102.0,19404.5,20105.3,19325.8,499916.474,2022-09-18
1075,19404.5,19528.6,19686.3,18215.0,993776.352,2022-09-19
1076,19528.6,18866.8,19625.0,18690.1,794623.932,2022-09-20
1077,18866.7,18447.5,20154.1,18084.3,1168068.979,2022-09-21
1078,18447.5,19392.5,19504.8,18345.2,852898.391,2022-09-22
1079,19392.5,19280.7,19492.0,18518.5,838493.746,2022-09-23
1080,19280.7,18911.0,19304.5,18798.0,377158.215,2022-09-24
1081,18910.9,18799.7,19196.0,18621.0,410461.603,2022-09-25
1082,18799.7,19216.3,19311.5,18671.0,777807.518,2022-09-26
1083,19216.3,19070.1,20375.0,18801.5,1300566.158,2022-09-27
1084,19070.1,19407.3,19787.6,18460.0,1141222.772,2022-09-28
1085,19407.4,19582.5,19648.8,18827.2,991678.224,2022-09-29
1086,19582.5,19411.7,20172.7,19066.0,1071462.934,2022-09-30
1087,19411.6,19304.0,19474.0,19140.0,294457.009,2022-10-01
1088,19304.0,19049.4,19389.0,18896.0,414970.451,2022-10-02
1089,19049.3,19622.0,19723.7,18950.8,621816.329,2022-10-03
1090,19621.9,20333.0,20500.0,19480.1,796678.762,2022-10-04
1091,20332.9,20150.0,20356.1,19707.0,719577.149,2022-10-05
1092,20149.9,19954.0,20443.9,19843.3,782034.669,2022-10-06
1093,19954.0,19520.9,20067.0,19304.4,673407.102,2022-10-07
1094,19520.9,19406.2,19619.6,19200.0,253257.201,2022-10-08
1095,19406.3,19430.0,19550.0,19310.0,267178.795,2022-10-09
1096,19430.0,19124.0,19513.0,19000.0,560920.904,2022-10-10
1097,19124.1,19055.0,19260.0,18850.0,603358.324,2022-10-11
1098,19055.0,19148.0,19240.0,18924.3,406770.288,2022-10-12
1099,19148.1,19365.5,19498.6,17917.8,1104615.001,2022-10-13
1100,19365.4,19164.6,19947.9,19059.6,861453.210,2022-10-14
1101,19164.6,19060.4,19218.8,18966.0,241520.185,2022-10-15
1102,19060.4,19251.9,19415.9,19058.0,267921.192,2022-10-16
1103,19251.8,19540.6,19666.0,19148.0,502319.759,2022-10-17
1104,19540.7,19320.9,19706.4,19081.0,634343.154,2022-10-18
1105,19320.9,19116.7,19349.8,19050.0,404370.458,2022-10-19
1106,19116.6,19034.7,19350.0,18882.4,537627.048,2022-10-20
1107,19034.8,19150.9,19240.0,18600.0,581878.905,2022-10-21
1108,19151.0,19195.1,19250.0,19103.5,174055.042,2022-10-22
1109,19195.1,19560.7,19690.0,19050.0,358611.542,2022-10-23
1110,19560.6,19318.1,19593.3,19146.0,476676.536,2022-10-24
1111,19318.1,20068.3,20415.0,19228.0,777306.534,2022-10-25
1112,20068.3,20758.3,21030.0,20041.1,841864.982,2022-10-26
1113,20758.4,20285.5,20863.7,20170.0,614910.045,2022-10-27
1114,20285.6,20582.8,20740.0,19951.0,595538.882,2022-10-28
1115,20582.7,20796.7,21088.0,20547.8,482217.170,2022-10-29
1116,20796.7,20615.6,20925.2,20503.0,295389.690,2022-10-30
1117,20615.5,20482.0,20838.7,20225.4,478797.266,2022-10-31
1118,20482.1,20472.1,20687.0,20320.0,314676.187,2022-11-01
1119,20472.1,20140.1,20796.0,20050.0,651535.761,2022-11-02
1120,20140.2,20199.7,20400.0,20026.0,372121.061,2022-11-03
1121,20199.8,21137.6,21297.0,20171.6,824515.215,2022-11-04
1122,21137.6,21289.9,21473.7,21071.1,303983.372,2022-11-05
1123,21289.8,20900.0,21355.8,20863.3,277148.646,2022-11-06
1124,20900.0,20578.6,21062.6,20374.0,554408.316,2022-11-07
1125,20578.5,18534.0,20685.0,16830.0,2046476.313,2022-11-08
1126,18533.9,15905.0,18574.9,15462.6,2065606.412,2022-11-09
1127,15905.0,17588.0,18230.0,15730.0,1497093.602,2022-11-10
1128,17588.0,17058.3,17678.0,16343.0,955344.602,2022-11-11
1129,17058.4,16806.9,17110.8,16623.8,304455.717,2022-11-12
1130,16806.9,16321.2,16950.0,16210.3,349742.836,2022-11-13
1131,16321.3,16605.2,17188.0,15805.5,934392.484,2022-11-14
1132,16605.3,16888.3,17127.2,16516.7,649349.458,2022-11-15
1133,16888.3,16650.6,17007.4,16358.0,537241.645,2022-11-16
1134,16650.7,16682.1,16741.7,16403.3,408989.285,2022-11-17
1135,16682.1,16689.7,16984.4,16541.1,388612.842,2022-11-18
1136,16689.7,16692.9,16814.5,16543.8,171822.915,2022-11-19
1137,16693.0,16272.6,16743.9,16167.1,327599.214,2022-11-20
1138,16272.7,15773.0,16304.3,15443.2,790219.365,2022-11-21
1139,15772.9,16220.6,16309.0,15610.3,579333.644,2022-11-22
1140,16220.5,16595.8,16703.4,16155.5,546714.910,2022-11-23
1141,16595.8,16592.4,16800.0,16450.0,351024.418,2022-11-24
1142,16592.5,16516.1,16639.9,16331.7,306560.116,2022-11-25
1143,16516.2,16449.2,16699.1,16369.1,253401.659,2022-11-26
1144,16449.2,16422.6,16594.2,16396.0,189370.345,2022-11-27
1145,16422.5,16204.5,16475.0,15984.1,497137.869,2022-11-28
1146,16204.6,16433.2,16543.0,16088.0,391410.854,2022-11-29
1147,16433.3,17153.3,17248.3,16421.5,620324.950,2022-11-30
1148,17153.4,16970.5,17348.5,16851.2,411051.309,2022-12-01
1149,16970.5,17083.0,17096.3,16760.0,335039.215,2022-12-02
1150,17083.0,16879.5,17160.0,16850.1,185257.242,2022-12-03
1151,16879.5,17099.5,17206.2,16874.1,292090.868,2022-12-04
1152,17099.5,16958.3,17430.0,16860.6,519961.390,2022-12-05
1153,16958.2,17078.6,17100.0,16899.9,321330.613,2022-12-06
1154,17078.7,16828.0,17130.0,16655.0,337778.925,2022-12-07
1155,16828.0,17216.0,17294.9,16710.4,402157.335,2022-12-08
1156,17216.0,17122.0,17365.4,17052.0,290231.183,2022-12-09
1157,17122.0,17120.0,17228.6,17081.0,141895.207,2022-12-10
1158,17120.1,17077.3,17265.0,17060.0,171004.111,2022-12-11
1159,17077.3,17200.0,17237.9,16865.0,335856.258,2022-12-12
1160,17200.0,17777.1,18100.0,17076.0,596851.291,2022-12-13
1161,17777.1,17803.9,18400.0,17659.4,627511.699,2022-12-14
1162,17804.0,17351.8,17849.5,17258.0,437284.037,2022-12-15
1163,17351.9,16624.1,17528.0,16521.1,622150.245,2022-12-16
1164,16624.1,16768.0,16790.0,16571.8,248465.273,2022-12-17
1165,16768.1,16730.3,16872.0,16656.0,185898.213,2022-12-18
1166,16730.4,16429.2,16809.6,16210.0,344728.552,2022-12-19
1167,16429.2,16887.2,17049.6,16390.3,476171.098,2022-12-20
1168,16887.3,16819.6,16924.2,16694.2,227752.335,2022-12-21
1169,16819.7,16815.5,16861.9,16556.1,306610.961,2022-12-22
1170,16815.5,16776.4,16960.0,16690.0,264553.420,2022-12-23
1171,16776.3,16828.9,16859.9,16774.4,82410.790,2022-12-24
1172,16829.0,16824.4,16850.0,16700.0,144075.843,2022-12-25
1173,16824.5,16912.9,16936.8,16781.1,148128.699,2022-12-26
1174,16912.8,16698.2,16968.0,16580.0,262828.564,2022-12-27
1175,16698.2,16539.0,16778.3,16455.6,344649.858,2022-12-28
1176,16538.9,16630.3,16659.0,16485.1,208591.531,2022-12-29
1177,16630.3,16601.2,16666.6,16320.0,295630.490,2022-12-30
1178,16601.2,16537.6,16640.0,16461.8,134462.156,2022-12-31
1179,16537.5,16610.3,16618.8,16488.0,105502.965,2023-01-01
1180,16610.4,16666.0,16799.0,16541.2,215161.176,2023-01-02
1181,16665.9,16667.2,16774.0,16600.3,203070.205,2023-01-03
1182,16667.3,16842.1,16984.6,16645.7,349747.838,2023-01-04
1183,16842.2,16823.8,16872.8,16740.4,176369.347,2023-01-05
1184,16823.8,16943.8,17030.0,16664.8,316973.629,2023-01-06
1185,16943.9,16936.5,16973.6,16900.1,77973.105,2023-01-07
1186,16936.5,17124.7,17181.1,16905.0,157717.318,2023-01-08
1187,17124.6,17169.7,17387.8,17098.2,400277.809,2023-01-09
1188,17169.6,17428.8,17485.4,17140.4,297320.371,2023-01-10
1189,17428.8,17935.7,18013.2,17306.4,386277.106,2023-01-11
1190,17935.6,18838.0,19120.0,17902.4,1040334.760,2023-01-12
1191,18838.1,19924.2,19997.8,18711.0,806807.832,2023-01-13
1192,19924.3,20962.8,21544.0,19882.6,1010666.683,2023-01-14
1193,20962.8,20882.7,21073.8,20556.0,428486.559,2023-01-15
1194,20882.7,21188.3,21498.0,20606.6,666148.201,2023-01-16
1195,21188.2,21130.9,21640.0,20827.8,547390.593,2023-01-17
1196,21130.8,20680.0,21672.0,20386.0,813785.517,2023-01-18
1197,20680.1,21068.3,21183.9,20659.9,374733.617,2023-01-19
1198,21068.3,22661.1,22750.0,20856.4,723645.200,2023-01-20
1199,22661.0,22781.9,23390.0,22422.0,764681.100,2023-01-21
1200,22781.8,22704.6,23080.2,22287.0,482529.811,2023-01-22
1201,22704.7,22913.1,23193.1,22500.0,525802.840,2023-01-23
1202,22913.3,22627.4,23158.7,22450.0,505615.816,2023-01-24
1203,22627.5,23060.6,23837.4,22310.5,692786.607,2023-01-25
1204,23060.6,23001.9,23278.7,22843.8,427760.786,2023-01-26
1205,23001.9,23068.0,23500.0,22516.6,509920.307,2023-01-27
1206,23068.1,23015.9,23185.0,22870.8,186400.943,2023-01-28
1207,23016.0,23740.3,23962.7,22961.5,562028.231,2023-01-29
1208,23740.2,22819.9,23804.6,22484.2,572537.407,2023-01-30
1209,22819.9,23119.4,23330.0,22715.3,403726.966,2023-01-31
1210,23119.5,23730.0,23852.4,22747.0,571429.711,2023-02-01
1211,23730.1,23493.1,24281.4,23365.0,615740.338,2023-02-02
1212,23493.0,23424.7,23719.9,23201.0,470831.438,2023-02-03
1213,23424.7,23322.6,23591.4,23250.0,197118.393,2023-02-04
1214,23322.6,22929.2,23436.0,22741.0,356665.034,2023-02-05
1215,22929.3,22757.7,23159.4,22600.0,417160.143,2023-02-06
1216,22757.8,23234.1,23368.6,22742.4,447273.494,2023-02-07
1217,23234.1,22955.9,23450.0,22662.9,383465.481,2023-02-08
1218,22955.9,21793.4,23007.8,21684.7,732295.350,2023-02-09
1219,21793.3,21618.6,21933.8,21405.0,439986.497,2023-02-10
1220,21618.6,21851.3,21891.9,21594.4,189249.667,2023-02-11
1221,21851.2,21771.1,22080.9,21618.0,276787.093,2023-02-12
1222,21771.0,21766.2,21888.0,21338.0,511595.693,2023-02-13
1223,21766.1,22187.4,22320.0,21485.2,598791.509,2023-02-14
1224,22187.4,24332.6,24420.0,22038.5,824676.471,2023-02-15
1225,24332.7,23526.6,25290.0,23518.0,959463.159,2023-02-16
1226,23526.6,24581.5,25043.2,23350.0,922717.148,2023-02-17
1227,24581.3,24636.9,24887.5,24430.6,261555.556,2023-02-18
1228,24636.8,24265.9,25200.0,24179.4,543506.628,2023-02-19
1229,24265.9,24849.9,25140.0,23827.0,646401.072,2023-02-20
1230,24849.9,24443.4,25347.6,24150.0,729290.575,2023-02-21
1231,24443.3,24171.3,24468.5,23572.0,730414.101,2023-02-22
1232,24171.3,23928.8,24588.0,23590.0,751339.414,2023-02-23
1233,23928.7,23175.6,24138.6,22800.0,731577.942,2023-02-24
1234,23175.5,23146.2,23210.5,22700.0,310795.648,2023-02-25
1235,23146.2,23545.3,23675.0,23050.0,371395.056,2023-02-26
1236,23545.2,23480.0,23888.0,23088.0,576754.966,2023-02-27
1237,23480.0,23129.6,23592.8,23010.0,456919.838,2023-02-28
1238,23129.7,23619.8,24022.7,23008.4,617250.311,2023-03-01
1239,23619.8,23457.1,23790.5,23183.0,419256.601,2023-03-02
1240,23457.1,22342.8,23468.5,21883.2,608518.137,2023-03-03
1241,22342.8,22335.7,22400.0,22147.5,175309.211,2023-03-04
1242,22335.8,22419.4,22650.0,22174.9,282261.745,2023-03-05
1243,22419.3,22397.1,22594.5,22240.1,298976.397,2023-03-06
1244,22397.1,22187.1,22550.0,21908.0,548494.099,2023-03-07
1245,22187.1,21695.4,22276.4,21540.5,547867.967,2023-03-08
1246,21695.3,20348.3,21823.0,20003.5,951903.360,2023-03-09
1247,20348.4,20140.3,20351.8,19521.6,1238135.265,2023-03-10
1248,20140.3,20447.3,20674.5,19752.5,753479.558,2023-03-11
1249,20447.3,21986.2,22184.0,20262.2,881522.402,2023-03-12
1250,21986.2,24119.5,24517.2,21804.0,1534982.176,2023-03-13
1251,24119.5,24682.5,26489.9,23951.0,1572562.635,2023-03-14
1252,24682.5,24288.0,25200.0,23888.0,1102056.429,2023-03-15
1253,24287.9,24990.4,25167.9,24120.5,735446.946,2023-03-16
1254,24990.5,27384.0,27763.4,24875.3,1341159.064,2023-03-17
1255,27383.9,26907.0,27726.4,26555.5,740232.316,2023-03-18
1256,26907.0,27955.7,28397.0,26815.9,759367.078,2023-03-19
1257,27955.8,27704.1,28483.2,27120.6,937223.448,2023-03-20
1258,27704.1,28091.1,28460.0,27288.0,685487.714,2023-03-21
1259,28091.1,27233.8,28881.0,26590.0,1080393.270,2023-03-22
1260,27233.8,28284.1,28777.0,27101.0,808174.047,2023-03-23
1261,28284.0,27438.9,28369.1,26960.0,696075.370,2023-03-24
1262,27439.0,27447.3,27788.0,27131.8,335674.055,2023-03-25
1263,27447.2,27954.3,28186.9,27400.0,399756.985,2023-03-26
1264,27954.3,27112.0,28019.4,26480.0,642434.822,2023-03-27
1265,27112.0,27249.7,27500.0,26610.0,585080.772,2023-03-28
1266,27249.7,28338.5,28649.9,27223.6,655852.971,2023-03-29
1267,28338.6,28015.0,29184.8,27654.1,770966.100,2023-03-30
1268,28015.0,28454.9,28675.3,27500.0,611557.290,2023-03-31
1269,28454.8,28443.8,28845.3,28180.0,256487.222,2023-04-01
1270,28443.7,28161.2,28516.5,27820.0,316658.670,2023-04-02
1271,28161.3,27786.1,28540.0,27166.0,741665.563,2023-04-03
1272,27786.1,28155.2,28450.0,27650.2,432370.612,2023-04-04
1273,28155.1,28154.0,28800.0,27775.0,543712.838,2023-04-05
1274,28154.0,28022.8,28175.0,27684.2,355916.782,2023-04-06
1275,28022.9,27890.7,28096.0,27755.0,219250.178,2023-04-07
1276,27890.7,27924.9,28153.6,27850.1,159129.560,2023-04-08
1277,27924.9,28309.4,28539.1,27762.8,305861.880,2023-04-09
1278,28309.4,29623.1,29840.0,28153.6,580061.925,2023-04-10
1279,29623.1,30185.1,30564.0,29573.9,628978.491,2023-04-11
1280,30185.1,29875.0,30480.0,29620.0,563668.430,2023-04-12
1281,29874.9,30362.7,30648.9,29836.7,436182.494,2023-04-13
1282,30362.7,30453.1,31059.0,29925.0,615391.615,2023-04-14
1283,30453.0,30280.4,30599.9,30186.0,180234.082,2023-04-15
1284,30280.4,30286.6,30560.0,30102.0,210226.019,2023-04-16
1285,30286.6,29420.0,30307.4,29219.9,455518.548,2023-04-17
1286,29420.1,30365.8,30480.0,29078.1,533189.270,2023-04-18
1287,30365.8,28795.1,30410.0,28557.3,643866.110,2023-04-19
1288,28795.0,28229.9,29078.0,27983.0,639179.286,2023-04-20
1289,28229.9,27252.5,28368.9,27100.0,687832.833,2023-04-21
1290,27252.6,27807.2,27888.0,27126.0,345549.021,2023-04-22
1291,27807.2,27576.0,27807.3,27279.7,332082.355,2023-04-23
1292,27575.9,27497.5,28000.0,26919.3,581268.268,2023-04-24
1293,27497.4,28286.7,28379.9,27176.6,508254.515,2023-04-25
1294,28286.7,28395.9,30048.2,27200.0,1284924.668,2023-04-26
1295,28396.0,29459.0,29898.0,28365.3,952584.739,2023-04-27
1296,29459.0,29300.0,29591.1,28870.0,508350.155,2023-04-28
1297,29300.0,29212.7,29443.9,29000.4,218013.244,2023-04-29
1298,29212.7,29223.0,29950.0,29067.4,417798.846,2023-04-30
1299,29223.0,28054.4,29325.5,27650.0,624974.488,2023-05-01
1300,28054.5,28656.5,28888.0,27854.0,513546.269,2023-05-02
1301,28656.4,29018.4,29258.4,28080.0,676466.230,2023-05-03
1302,29018.4,28826.0,29380.0,28660.0,426425.584,2023-05-04
1303,28826.0,29491.5,29693.0,28618.3,578485.177,2023-05-05
1304,29491.5,28837.8,29840.0,28333.0,475628.901,2023-05-06
1305,28837.9,28419.4,29137.0,28370.0,308410.643,2023-05-07
1306,28419.5,27659.8,28624.6,27250.0,658188.777,2023-05-08
1307,27659.8,27610.2,27815.6,27316.8,367664.686,2023-05-09
1308,27610.2,27582.9,28297.0,26666.6,722502.676,2023-05-10
1309,27583.0,26956.4,27630.0,26688.8,538822.363,2023-05-11
1310,26956.4,26785.1,27090.0,25751.0,615645.508,2023-05-12
1311,26785.2,26762.7,27051.5,26674.9,242694.929,2023-05-13
1312,26762.8,26901.9,27200.0,26557.0,247579.427,2023-05-14
1313,26901.9,27152.5,27650.0,26694.4,450263.076,2023-05-15
1314,27152.5,27024.8,27284.7,26832.0,373172.951,2023-05-16
1315,27024.7,27395.8,27500.0,26527.5,490065.218,2023-05-17
1316,27395.7,26809.3,27482.7,26335.3,544971.979,2023-05-18
1317,26809.4,26870.1,27180.0,26611.2,324097.956,2023-05-19
1318,26870.1,27089.5,27144.4,26813.5,137515.354,2023-05-20
1319,27089.6,26732.8,27288.0,26642.0,238776.425,2023-05-21
1320,26732.8,26840.2,27097.8,26500.0,328030.520,2023-05-22
1321,26840.2,27209.9,27527.5,26782.6,369176.618,2023-05-23
1322,27209.9,26313.8,27212.9,26060.0,535191.677,2023-05-24
1323,26313.9,26461.8,26644.0,25850.0,394535.225,2023-05-25
1324,26461.7,26689.9,26925.0,26313.9,324475.546,2023-05-26
1325,26689.8,26841.6,26890.0,26528.6,163681.935,2023-05-27
1326,26841.6,28055.7,28252.8,26746.0,440115.394,2023-05-28
1327,28055.8,27722.0,28442.0,27513.5,411290.549,2023-05-29
1328,27722.1,27680.1,28038.6,27530.0,334379.313,2023-05-30
1329,27680.0,27201.1,27825.0,26826.0,471381.890,2023-05-31
1330,27201.1,26805.3,27347.9,26600.0,404787.572,2023-06-01
1331,26805.3,27227.8,27290.0,26477.6,391110.093,2023-06-02
1332,27227.8,27054.9,27340.2,26900.0,182464.100,2023-06-03
1333,27054.9,27102.4,27460.0,26935.3,218271.544,2023-06-04
1334,27102.4,25714.7,27125.0,25360.1,700502.548,2023-06-05
1335,25714.6,27221.5,27358.1,25321.6,731445.649,2023-06-06
1336,27221.5,26325.9,27394.4,26111.0,660044.537,2023-06-07
1337,26325.9,26485.9,26800.0,26195.4,333104.839,2023-06-08
1338,26486.0,26468.1,26775.0,26236.0,283719.198,2023-06-09
1339,26468.2,25826.6,26525.0,25300.0,608917.569,2023-06-10
1340,25826.6,25909.9,26199.0,25621.3,279365.563,2023-06-11
1341,25910.0,25894.8,26097.7,25600.0,298900.468,2023-06-12
1342,25894.8,25918.0,26430.5,25708.0,434536.754,2023-06-13
1343,25918.0,25115.9,26099.3,24796.8,464681.602,2023-06-14
1344,25115.9,25586.1,25750.0,24777.0,473971.375,2023-06-15
1345,25586.0,26336.0,26526.9,25142.1,533144.956,2023-06-16
1346,26335.9,26508.9,26900.0,26170.8,305738.396,2023-06-17
1347,26508.8,26329.7,26709.4,26230.9,241977.484,2023-06-18
1348,26329.6,26828.5,27077.0,26241.2,400533.758,2023-06-19
1349,26828.6,28290.6,28397.8,26633.9,758176.297,2023-06-20
1350,28290.7,29988.5,30822.0,28236.4,1123474.427,2023-06-21
1351,29988.5,29875.0,30488.0,29500.1,561051.742,2023-06-22
1352,29875.0,30673.4,31500.0,29792.0,699073.071,2023-06-23
1353,30673.5,30524.2,30796.5,30222.0,279539.288,2023-06-24
1354,30524.2,30458.0,31053.2,30252.6,301533.154,2023-06-25
1355,30458.0,30260.1,30667.3,29890.1,415099.356,2023-06-26
1356,30260.1,30683.2,30998.5,30213.0,406073.348,2023-06-27
1357,30683.2,30066.3,30701.8,29804.6,416656.434,2023-06-28
1358,30066.3,30439.9,30837.0,30036.1,382072.846,2023-06-29
1359,30439.9,30460.2,31300.0,29500.0,809331.305,2023-06-30
1360,30460.2,30573.6,30668.2,30311.3,135520.246,2023-07-01
1361,30573.6,30612.7,30800.0,30149.9,231866.188,2023-07-02
1362,30612.7,31149.0,31395.2,30559.4,370293.236,2023-07-03
1363,31149.0,30756.1,31319.4,30600.0,300832.260,2023-07-04
1364,30756.1,30488.4,30875.2,30175.8,294896.578,2023-07-05
1365,30488.4,29874.4,31568.0,29818.0,721267.219,2023-07-06
1366,29874.3,30327.9,30443.6,29680.0,337801.654,2023-07-07
1367,30328.0,30269.3,30380.0,30026.8,138734.493,2023-07-08
1368,30269.2,30147.8,30443.4,30042.0,162296.263,2023-07-09
1369,30147.8,30396.9,31040.0,29928.8,429115.537,2023-07-10
1370,30396.9,30608.4,30804.9,30261.4,298904.747,2023-07-11
1371,30608.3,30368.9,30980.5,30186.0,425058.257,2023-07-12
1372,30368.9,31441.7,31850.0,30233.0,696023.510,2023-07-13
1373,31441.6,30293.3,31640.0,29876.6,538692.246,2023-07-14
1374,30293.3,30276.4,30380.0,30220.2,111622.474,2023-07-15
1375,30276.5,30216.8,30441.6,30050.0,173805.940,2023-07-16
1376,30216.9,30126.1,30329.7,29630.0,344113.427,2023-07-17
1377,30126.0,29845.6,30227.5,29400.0,337396.417,2023-07-18
1378,29845.7,29895.5,30178.5,29745.0,298418.854,2023-07-19
1379,29895.5,29791.0,30420.0,29468.8,410263.764,2023-07-20
1380,29791.0,29891.4,30056.2,29705.9,221145.074,2023-07-21
1381,29891.5,29783.5,29986.0,29602.2,143375.956,2023-07-22
1382,29783.5,30070.8,30368.2,29718.9,224713.846,2023-07-23
1383,30070.9,29163.8,30091.7,28830.0,434182.417,2023-07-24
1384,29163.8,29216.3,29379.5,29033.0,196438.618,2023-07-25
1385,29216.2,29336.0,29670.5,29083.0,318527.582,2023-07-26
1386,29336.0,29209.7,29558.4,29065.5,223376.534,2023-07-27
1387,29209.8,29299.9,29535.7,29112.8,221299.867,2023-07-28
1388,29300.0,29339.1,29397.9,29237.5,87100.719,2023-07-29
1389,29339.1,29271.1,29442.5,29006.0,169901.253,2023-07-30
1390,29271.2,29220.8,29525.8,29100.0,230381.722,2023-07-31
1391,29220.8,29701.2,29735.0,28550.0,442328.643,2023-08-01
1392,29701.2,29170.1,30059.9,28906.3,491725.492,2023-08-02
1393,29170.2,29180.2,29440.0,28955.4,251967.942,2023-08-03
1394,29180.1,29101.1,29323.8,28780.0,229395.673,2023-08-04
1395,29101.1,29057.7,29145.0,28960.0,82508.624,2023-08-05
1396,29057.7,29075.9,29199.0,28978.5,103094.440,2023-08-06
1397,29075.9,29202.7,29274.5,28682.3,297752.439,2023-08-07
1398,29202.7,29759.0,30250.0,29132.4,459269.801,2023-08-08
1399,29758.9,29572.8,30149.7,29362.0,362009.701,2023-08-09
1400,29572.9,29443.7,29729.8,29303.7,234546.038,2023-08-10
1401,29443.7,29415.5,29565.1,29220.0,179044.008,2023-08-11
1402,29415.5,29420.7,29470.0,29360.0,56238.035,2023-08-12
1403,29420.8,29293.3,29463.0,29256.6,84190.505,2023-08-13
1404,29293.3,29419.5,29686.7,29070.0,295035.383,2023-08-14
1405,29419.5,29188.8,29492.1,29050.0,191289.959,2023-08-15
1406,29188.9,28714.4,29257.4,28705.1,272023.138,2023-08-16
1407,28714.4,26609.7,28775.9,24581.0,868508.220,2023-08-17
1408,26609.7,26042.1,26818.0,25600.0,522375.316,2023-08-18
1409,26042.0,26088.3,26269.4,25783.4,202219.153,2023-08-19
1410,26088.4,26175.9,26285.0,25948.5,141089.850,2023-08-20
1411,26175.9,26115.4,26280.0,25800.0,232505.265,2023-08-21
1412,26115.4,26044.4,26128.2,25280.0,313113.576,2023-08-22
1413,26044.5,26419.2,26806.0,25800.0,412969.028,2023-08-23
1414,26419.2,26164.6,26568.3,25835.0,286753.337,2023-08-24
1415,26164.6,26051.7,26300.0,25754.4,274830.494,2023-08-25
1416,26051.7,26004.3,26129.4,25969.0,63925.862,2023-08-26
1417,26004.3,26087.7,26173.6,25955.6,86505.398,2023-08-27
1418,26087.6,26106.5,26244.6,25850.4,219992.051,2023-08-28
1419,26106.5,27700.1,28168.0,25905.2,700233.946,2023-08-29
1420,27700.1,27290.4,27758.2,26950.0,315313.916,2023-08-30
1421,27290.4,25928.0,27674.3,25617.8,502906.277,2023-08-31
1422,25928.0,25795.6,26151.6,25312.0,361184.924,2023-09-01
1423,25795.6,25855.8,25975.0,25740.6,107642.864,2023-09-02
1424,25855.8,25962.1,26135.2,25777.0,133016.832,2023-09-03
1425,25962.1,25814.0,26099.3,25610.0,173147.873,2023-09-04
1426,25814.0,25779.7,25900.0,25531.2,186639.945,2023-09-05
1427,25779.7,25747.4,26052.0,25326.0,251122.660,2023-09-06
1428,25747.4,26240.7,26451.0,25602.3,257349.902,2023-09-07
1429,26240.7,25899.8,26437.5,25630.0,249269.761,2023-09-08
1430,25899.9,25892.6,25940.6,25781.5,67909.810,2023-09-09
1431,25892.6,25828.4,26037.3,25508.7,162972.413,2023-09-10
1432,25828.4,25150.4,25895.0,24888.0,427216.374,2023-09-11
1433,25150.4,25825.8,26580.0,25116.4,592049.678,2023-09-12
1434,25825.8,26209.9,26400.0,25750.0,335252.718,2023-09-13
1435,26209.9,26510.3,26880.0,26106.6,380666.471,2023-09-14
1436,26510.3,26591.1,26890.0,26206.6,251656.770,2023-09-15
1437,26591.1,26546.9,26763.5,26430.0,140482.465,2023-09-16
1438,26547.0,26514.2,26614.3,26377.4,114239.394,2023-09-17
1439,26514.2,26749.9,27397.0,26358.6,472539.032,2023-09-18
1440,26749.9,27196.0,27480.0,26653.2,433511.747,2023-09-19
1441,27195.9,27107.7,27381.0,26740.0,348921.447,2023-09-20
1442,27107.7,26552.6,27149.0,26360.1,317992.869,2023-09-21
1443,26552.6,26566.7,26737.7,26452.9,173534.648,2023-09-22
1444,26566.7,26563.1,26620.6,26492.2,57836.484,2023-09-23
1445,26563.0,26232.4,26739.9,26081.0,146632.773,2023-09-24
1446,26232.4,26290.5,26440.0,25965.0,268385.836,2023-09-25
1447,26290.5,26208.8,26388.0,26073.8,180491.169,2023-09-26
1448,26208.7,26359.6,26849.9,26050.0,353002.840,2023-09-27
1449,26359.6,27011.8,27308.7,26325.2,429587.858,2023-09-28
1450,27011.7,26890.9,27231.5,26625.0,277397.643,2023-09-29
1451,26890.9,26950.9,27085.0,26870.4,92317.154,2023-09-30
1452,26951.0,27981.4,28365.2,26939.0,240382.946,2023-10-01
1453,27981.4,27477.6,28613.0,27255.0,593277.720,2023-10-02
1454,27477.7,27412.0,27665.0,27123.0,283077.899,2023-10-03
1455,27412.0,27759.8,27830.0,27163.9,280784.322,2023-10-04
1456,27759.7,27398.4,28110.0,27333.5,370190.087,2023-10-05
1457,27398.3,27916.3,28450.0,27156.0,438445.904,2023-10-06
1458,27916.3,27943.0,28018.7,27822.1,117049.145,2023-10-07
1459,27943.0,27901.2,28082.0,27671.0,178380.307,2023-10-08
1460,27901.2,27578.3,27977.0,27250.0,314316.581,2023-10-09
1461,27578.4,27381.2,27727.3,27281.0,239779.496,2023-10-10
1462,27381.3,26864.5,27467.6,26525.0,388186.571,2023-10-11
1463,26864.5,26744.0,26939.0,26534.8,220279.040,2023-10-12
1464,26744.0,26849.8,27120.8,26670.1,243222.154,2023-10-13
1465,26849.7,26836.3,26986.4,26773.1,82164.781,2023-10-14
1466,26836.4,27139.8,27456.1,26790.4,160000.462,2023-10-15
1467,27139.8,28486.3,30720.0,27095.4,823003.782,2023-10-16
1468,28486.3,28381.9,28605.0,28055.0,314189.758,2023-10-17
1469,28382.0,28307.1,29100.0,28126.6,297176.628,2023-10-18
1470,28307.2,28696.9,28933.4,28076.0,333673.207,2023-10-19
1471,28697.0,29653.0,30243.0,28560.0,551005.327,2023-10-20
1472,29653.0,29895.4,30374.6,29443.5,258195.956,2023-10-21
1473,29895.4,29981.5,30229.7,29606.6,198602.758,2023-10-22
1474,29981.4,33074.0,35981.9,29869.4,987741.536,2023-10-23
1475,33074.0,33917.0,35300.0,32833.5,921993.063,2023-10-24
1476,33917.0,34487.7,35154.3,33660.6,465367.144,2023-10-25
1477,34487.8,34154.0,34828.7,33750.0,339552.964,2023-10-26
1478,34154.0,33893.1,34253.3,33350.0,278052.978,2023-10-27
1479,33893.2,34086.6,34535.8,33867.4,138314.932,2023-10-28
1480,34086.7,34528.6,34773.8,33933.0,175897.550,2023-10-29
1481,34528.6,34483.8,34888.2,34050.0,281841.348,2023-10-30
1482,34483.8,34651.4,34744.7,34016.8,272450.567,2023-10-31
1483,34651.4,35437.4,35734.0,34076.0,469214.787,2023-11-01
1484,35437.5,34940.1,35999.9,34300.0,410221.727,2023-11-02
1485,34940.1,34700.4,34944.9,34123.0,306048.199,2023-11-03
1486,34700.5,35069.7,35270.0,34571.6,140746.874,2023-11-04
1487,35069.7,35025.5,35455.2,34356.0,231363.339,2023-11-05
1488,35025.5,35057.4,35299.9,34743.2,202227.215,2023-11-06
1489,35057.5,35406.5,35921.7,34520.3,343525.950,2023-11-07
1490,35406.5,35626.7,36150.0,35073.0,334779.449,2023-11-08
1491,35626.7,36719.5,38499.9,35304.0,778877.937,2023-11-09
1492,36719.6,37330.4,37570.0,36350.0,299373.892,2023-11-10
1493,37330.3,37162.1,37422.2,36588.0,159239.284,2023-11-11
1494,37162.1,37085.5,37258.4,36753.6,118890.045,2023-11-12
1495,37085.6,36486.2,37464.8,36350.0,257075.648,2023-11-13
1496,36486.2,35559.0,36779.9,34446.3,397265.800,2023-11-14
1497,35559.1,37885.6,38000.0,35388.0,423818.570,2023-11-15
1498,37885.5,36176.0,37956.5,35486.1,434444.366,2023-11-16
1499,36176.0,36621.9,37020.5,35868.3,319943.051,2023-11-17
1500,36621.9,36580.9,36900.0,36196.0,121720.922,2023-11-18
1501,36580.9,37375.9,37528.2,36380.0,154713.007,2023-11-19
1502,37375.8,37462.5,37784.7,36600.0,310504.037,2023-11-20
1503,37462.6,35737.0,37675.0,35720.0,450731.16,2023-11-21
1504,35737.0,37413.4,37880.0,35610.7,338189.618,2023-11-22
1505,37413.5,37294.3,37650.0,36856.3,185369.931,2023-11-23
1506,37294.4,37706.3,38425.0,37257.3,351031.723,2023-11-24
1507,37706.3,37766.6,37886.5,37570.9,82589.329,2023-11-25
1508,37766.7,37437.9,37807.6,37126.0,173758.644,2023-11-26
1509,37437.9,37234.3,37560.0,36700.0,266112.699,2023-11-27
1510,37234.4,37812.1,38395.0,36856.0,318426.327,2023-11-28
1511,37812.0,37837.1,38500.0,37551.8,261631.881,2023-11-29
1512,37837.2,37716.8,38132.0,37442.9,191188.871,2023-11-30
1513,37716.9,38660.0,38989.0,37600.0,342361.994,2023-12-01
1514,38659.9,39435.0,39900.0,38613.5,213210.311,2023-12-02
1515,39435.1,39979.7,40410.1,39255.2,221917.905,2023-12-03
1516,39979.8,41993.1,42440.0,39970.4,602492.859,2023-12-04
1517,41993.1,44081.7,44528.1,41393.5,575038.041,2023-12-05
1518,44081.7,43774.8,44349.8,43377.0,383957.738,2023-12-06
1519,43775.1,43296.0,44066.7,42815.0,346421.958,2023-12-07
1520,43296.0,44209.5,44779.3,43100.0,281880.593,2023-12-08
1521,44209.6,43734.3,44389.2,43555.0,189339.656,2023-12-09
1522,43734.2,43810.0,44099.2,43552.5,144548.259,2023-12-10
1523,43810.1,41271.0,43833.4,40228.3,620753.439,2023-12-11
1524,41271.1,41515.0,42125.0,40711.0,356541.118,2023-12-12
1525,41514.9,42875.0,43517.6,40556.0,396710.296,2023-12-13
1526,42875.0,43032.4,43450.1,41140.0,361628.325,2023-12-14
1527,43032.3,41968.0,43098.0,41668.0,257177.013,2023-12-15
1528,41968.0,42287.4,42756.7,41638.1,160549.459,2023-12-16
1529,42287.4,41396.5,42476.0,41248.3,224722.851,2023-12-17
1530,41396.6,42671.7,42795.3,40553.8,375385.675,2023-12-18
1531,42671.8,42298.3,43550.0,41835.4,315311.844,2023-12-19
1532,42298.2,43708.9,44384.6,42218.3,377008.923,2023-12-20
1533,43708.9,43896.3,44287.2,43317.2,276922.155,2023-12-21
1534,43896.4,43999.2,44484.0,43430.4,238341.933,2023-12-22
1535,43999.2,43725.2,44023.0,43304.2,120792.199,2023-12-23
1536,43725.2,43008.4,43994.8,42550.0,179967.251,2023-12-24
1537,43008.4,43611.9,43850.0,42755.4,184210.274,2023-12-25
1538,43611.9,42538.5,43635.1,41597.0,295583.678,2023-12-26
1539,42538.6,43453.8,43700.0,42145.7,251351.538,2023-12-27
1540,43453.8,42600.1,43850.0,42320.5,257515.182,2023-12-28
1541,42600.1,42095.1,43171.9,41283.2,337421.865,2023-12-29
1542,42095.1,42174.2,42654.6,41550.0,183890.670,2023-12-30
1543,42174.3,42314.0,42951.0,42001.0,173508.289,2023-12-31
1544,42314.0,44230.2,44266.0,42207.9,206424.144,2024-01-01
1545,44230.3,44979.8,45950.0,44200.9,459798.523,2024-01-02
1546,44979.7,42849.5,45582.3,40333.0,595855.225,2024-01-03
1547,42849.5,44143.8,44840.8,42625.0,333923.098,2024-01-04
1548,44143.8,44145.4,44500.0,42300.0,374967.791,2024-01-05
1549,44145.3,43956.7,44214.6,43391.3,138542.797,2024-01-06
1550,43956.6,43916.9,44486.9,43557.5,180710.714,2024-01-07
1551,43916.9,46972.7,47312.0,43158.1,495087.983,2024-01-08
1552,46972.6,46114.0,48100.0,44417.2,513362.773,2024-01-09
1553,46113.9,46662.9,47699.3,44291.5,668657.474,2024-01-10
1554,46663.0,46337.8,49027.5,45600.0,596698.379,2024-01-11
1555,46337.9,42788.9,46536.2,41370.0,575943.258,2024-01-12
1556,42789.0,42846.4,43273.4,42445.7,207737.326,2024-01-13
1557,42846.4,41734.9,43096.1,41713.5,181096.968,2024-01-14
1558,41734.9,42515.0,43376.0,41720.0,240059.141,2024-01-15
1559,42515.0,43133.0,43589.0,42050.0,287207.233,2024-01-16
1560,43133.0,42783.4,43198.0,42200.0,209396.081,2024-01-17
1561,42783.3,41323.1,42932.3,40673.6,335080.756,2024-01-18
1562,41323.2,41662.2,42197.0,40300.0,345941.730,2024-01-19
1563,41662.1,41691.8,41883.5,41453.6,95866.062,2024-01-20
1564,41691.8,41580.0,41880.9,41500.0,67035.552,2024-01-21
1565,41579.9,39567.0,41692.3,39402.0,459024.106,2024-01-22
1566,39567.1,39890.0,40172.7,38545.0,414373.386,2024-01-23
1567,39889.9,40078.7,40560.6,39493.3,272754.171,2024-01-24
1568,40078.8,39953.3,40300.0,39535.3,203728.679,2024-01-25
1569,39953.3,41806.4,42239.3,39813.1,355418.478,2024-01-26
1570,41806.4,42102.2,42187.1,41360.1,118437.114,2024-01-27
1571,42102.2,42021.2,42836.0,41600.0,205736.453,2024-01-28
1572,42021.2,43287.7,43340.8,41768.3,249502.110,2024-01-29
1573,43287.6,42918.3,43888.0,42665.6,257582.784,2024-01-30
1574,42918.3,42560.5,43748.6,42257.6,313069.110,2024-01-31
1575,42560.5,43072.6,43288.0,41866.8,274321.107,2024-02-01
1576,43072.6,43182.0,43480.0,42512.7,205767.574,2024-02-02
1577,43182.0,42992.4,43372.2,42858.3,89735.220,2024-02-03
1578,42992.4,42570.3,43112.1,42176.7,127421.548,2024-02-04
1579,42570.3,42692.9,43580.0,42235.1,240655.549,2024-02-05
1580,42692.9,43079.1,43378.8,42559.8,196157.643,2024-02-06
1581,43079.1,44326.2,44388.0,42763.4,252057.708,2024-02-07
1582,44326.3,45269.1,45600.0,44306.8,299738.288,2024-02-08
1583,45269.2,47116.1,48230.3,45218.1,519919.419,2024-02-09
1584,47116.1,47732.6,48189.6,46836.4,179626.604,2024-02-10
1585,47732.6,48303.4,48600.0,47539.4,209951.626,2024-02-11
1586,48303.4,49943.6,50413.2,47702.0,450895.202,2024-02-12
1587,49943.6,49696.4,50428.8,48301.0,382348.085,2024-02-13
1588,49696.4,51823.2,52100.0,49215.7,395191.791,2024-02-14
1589,51823.1,51898.5,52859.0,51334.9,392724.603,2024-02-15
1590,51898.4,52148.6,52623.0,51611.7,259819.793,2024-02-16
1591,52148.7,51679.4,52192.8,50647.5,222342.005,2024-02-17
1592,51679.5,52175.9,52450.0,51178.0,166636.426,2024-02-18
1593,52175.9,51813.8,52532.9,51688.8,196387.978,2024-02-19
1594,51813.7,52297.4,53090.9,50788.0,388913.064,2024-02-20
1595,52297.3,51877.8,52402.3,50528.4,308127.301,2024-02-21
1596,51877.9,51316.9,52130.8,50967.5,244144.647,2024-02-22
1597,51316.9,50771.9,51576.3,50512.7,215474.562,2024-02-23
1598,50771.9,51602.1,51736.6,50611.4,104944.457,2024-02-24
1599,51602.1,51764.9,52050.0,51300.4,122177.260,2024-02-25
1600,51764.9,54511.6,54991.8,50922.5,393466.231,2024-02-26
1601,54511.7,57074.5,57780.0,54495.0,511475.535,2024-02-27
1602,57074.5,62487.9,64300.0,56730.1,1010118.442,2024-02-28
1603,62487.9,61203.3,63762.8,60452.0,584713.883,2024-02-29
1604,61203.3,62430.6,63199.0,60844.8,299231.827,2024-03-01
1605,62430.6,62039.9,62513.1,61605.0,159283.629,2024-03-02
1606,62039.9,63178.5,63330.9,61339.5,200312.503,2024-03-03
1607,63178.5,68296.4,68600.0,62299.0,632882.144,2024-03-04
1608,68296.5,63747.4,69350.0,59112.0,1053025.132,2024-03-05
1609,63747.5,66128.1,67729.5,62829.3,534011.813,2024-03-06
1610,66128.0,66870.0,68101.3,65609.3,296092.788,2024-03-07
1611,66870.0,68180.2,70330.8,66120.0,459387.207,2024-03-08
1612,68180.2,68360.1,68608.7,67908.7,94899.005,2024-03-09
1613,68360.2,69001.8,69999.8,68155.0,233596.523,2024-03-10
1614,69001.8,68110.5,69016.3,67000.0,31928.439,2024-03-11
